Date,Month,Ticker,Open,Close,Low,High,Volume
2025-01-01,2025-01,BVZ,120,121.25,118.48,122.28,2453526
2025-01-01,2025-01,DATA,64,64.31,63.8,64.94,3723944
2025-01-01,2025-01,CHRT,210,212.65,209.25,215.06,2394193
2025-01-02,2025-01,BVZ,121.25,121.06,120.91,122.04,1846545
2025-01-02,2025-01,DATA,64.31,64.46,64.02,64.71,1404187
2025-01-02,2025-01,CHRT,212.65,215.76,209.85,217.35,1067734
2025-01-03,2025-01,BVZ,121.06,123.34,119.77,123.93,4916989
2025-01-03,2025-01,DATA,64.46,65.57,63.81,66.17,2958722
2025-01-03,2025-01,CHRT,215.76,216.09,213.58,217.92,2816414
2025-01-06,2025-01,BVZ,123.34,121.37,120.86,123.45,869401
2025-01-06,2025-01,DATA,65.57,64.76,64.49,65.68,4069589
2025-01-06,2025-01,CHRT,216.09,211.99,211.48,216.25,4393753
2025-01-07,2025-01,BVZ,121.37,120.94,120.79,121.84,1042200
2025-01-07,2025-01,DATA,64.76,64.42,63.64,64.93,1563483
2025-01-07,2025-01,CHRT,211.99,213.52,210.36,216.01,1671081
2025-01-08,2025-01,BVZ,120.94,123.2,120.79,123.7,1755446
2025-01-08,2025-01,DATA,64.42,63.4,62.57,65.12,4379558
2025-01-08,2025-01,CHRT,213.52,215.69,212.52,216.73,2470779
2025-01-09,2025-01,BVZ,123.2,125.62,123.09,126.15,4223610
2025-01-09,2025-01,DATA,63.4,62.75,62.72,63.4,3993330
2025-01-09,2025-01,CHRT,215.69,212.66,210.93,218.57,3290823
2025-01-10,2025-01,BVZ,125.62,125.82,125.29,126.94,1789940
2025-01-10,2025-01,DATA,62.75,63.49,62.68,63.89,1923331
2025-01-10,2025-01,CHRT,212.66,212.96,212.45,213,3146977
2025-01-13,2025-01,BVZ,125.82,123.51,122.03,125.93,2136160
2025-01-13,2025-01,DATA,63.49,62.73,62.68,63.76,1065945
2025-01-13,2025-01,CHRT,212.96,216.72,212.6,218.7,1023511
2025-01-14,2025-01,BVZ,123.51,121.7,121.63,123.58,3514624
2025-01-14,2025-01,DATA,62.73,63.42,62.63,64,1011354
2025-01-14,2025-01,CHRT,216.72,218.63,214.46,220.09,2434646
2025-01-15,2025-01,BVZ,121.7,122.02,121.49,122.95,1737126
2025-01-15,2025-01,DATA,63.42,62.86,61.98,63.42,4056126
2025-01-15,2025-01,CHRT,218.63,216.08,213.68,219.19,1360191
2025-01-16,2025-01,BVZ,122.02,120.66,119.33,123.35,3960433
2025-01-16,2025-01,DATA,62.86,63.77,62.21,64.23,4424450
2025-01-16,2025-01,CHRT,216.08,215.86,215.03,216.49,2704301
2025-01-17,2025-01,BVZ,120.66,120.18,119.17,121.36,3502303
2025-01-17,2025-01,DATA,63.77,64.87,63.62,64.87,3250876
2025-01-17,2025-01,CHRT,215.86,214.62,212.17,216.89,2850542
2025-01-20,2025-01,BVZ,120.18,118.68,117.21,121.48,4336789
2025-01-20,2025-01,DATA,64.87,65.4,64.05,65.54,3939823
2025-01-20,2025-01,CHRT,214.62,212.76,211.22,217.47,859104
2025-01-21,2025-01,BVZ,118.68,120.55,118.28,120.98,1839114
2025-01-21,2025-01,DATA,65.4,66.14,65.39,66.91,2342766
2025-01-21,2025-01,CHRT,212.76,210.55,207.54,213.98,3841794
2025-01-22,2025-01,BVZ,120.55,120.36,120.25,122.35,1350810
2025-01-22,2025-01,DATA,66.14,64.91,64.14,66.3,4660500
2025-01-22,2025-01,CHRT,210.55,214.41,208.33,214.63,1312091
2025-01-23,2025-01,BVZ,120.36,121.17,119.93,122.53,1854225
2025-01-23,2025-01,DATA,64.91,64.44,64.01,65.21,2407909
2025-01-23,2025-01,CHRT,214.41,217.85,214.23,219.62,3499315
2025-01-24,2025-01,BVZ,121.17,122.63,119.66,124.3,2957526
2025-01-24,2025-01,DATA,64.44,64.04,63.64,64.76,3257883
2025-01-24,2025-01,CHRT,217.85,220.06,216.22,223.24,3172810
2025-01-27,2025-01,BVZ,122.63,120.68,118.98,123.79,1334290
2025-01-27,2025-01,DATA,64.04,63.08,63.03,64.61,4033064
2025-01-27,2025-01,CHRT,220.06,220.31,218.06,220.65,818038
2025-01-28,2025-01,BVZ,120.68,120.96,120.43,122.17,3363266
2025-01-28,2025-01,DATA,63.08,64.27,62.18,64.71,4745979
2025-01-28,2025-01,CHRT,220.31,224.13,218.91,225.5,1227306
2025-01-29,2025-01,BVZ,120.96,120.23,119.2,121.34,2755761
2025-01-29,2025-01,DATA,64.27,64.73,63.93,65.62,3008488
2025-01-29,2025-01,CHRT,224.13,221.81,220.98,226.04,3129398
2025-01-30,2025-01,BVZ,120.23,119.69,118.97,120.79,1726553
2025-01-30,2025-01,DATA,64.73,64.79,64.61,65.03,2559064
2025-01-30,2025-01,CHRT,221.81,219.98,219.84,224.54,2947793
2025-01-31,2025-01,BVZ,119.69,118.33,116.83,120.55,1906946
2025-01-31,2025-01,DATA,64.79,63.6,62.9,65.37,3744221
2025-01-31,2025-01,CHRT,219.98,217.32,214.72,222.75,4094942
2025-02-03,2025-02,BVZ,118.33,116.15,115.87,119.08,3487338
2025-02-03,2025-02,DATA,63.6,64.31,62.87,65.19,4321945
2025-02-03,2025-02,CHRT,217.32,216.57,214.72,218.88,2595684
2025-02-04,2025-02,BVZ,116.15,114.17,113.47,117.26,3717115
2025-02-04,2025-02,DATA,64.31,63.83,63.06,65.02,2456126
2025-02-04,2025-02,CHRT,216.57,213.61,212.23,219.58,1454671
2025-02-05,2025-02,BVZ,114.17,112.29,111.15,114.25,3496380
2025-02-05,2025-02,DATA,63.83,64.75,63.39,65.31,2903100
2025-02-05,2025-02,CHRT,213.61,213.65,212.67,215.29,978748
2025-02-06,2025-02,BVZ,112.29,110.51,108.97,113.14,2361591
2025-02-06,2025-02,DATA,64.75,63.7,63.49,64.82,3772080
2025-02-06,2025-02,CHRT,213.65,217.1,212.85,217.8,2331594
2025-02-07,2025-02,BVZ,110.51,109.22,108.58,110.58,2491359
2025-02-07,2025-02,DATA,63.7,62.6,61.92,63.98,1197161
2025-02-07,2025-02,CHRT,217.1,221.28,215.31,224.57,3886958
2025-02-10,2025-02,BVZ,109.22,108.17,107.94,109.4,3750093
2025-02-10,2025-02,DATA,62.6,61.49,61.38,62.64,3124584
2025-02-10,2025-02,CHRT,221.28,219.84,217.84,222.4,3254126
2025-02-11,2025-02,BVZ,108.17,109.61,107.45,110.29,1176973
2025-02-11,2025-02,DATA,61.49,62.06,61.25,62.72,3732944
2025-02-11,2025-02,CHRT,219.84,222.45,218.33,223.46,3725740
2025-02-12,2025-02,BVZ,109.61,108.25,107.45,111.24,1631463
2025-02-12,2025-02,DATA,62.06,62.85,61.98,63.04,1163449
2025-02-12,2025-02,CHRT,222.45,226.45,221.98,227.24,4904909
2025-02-13,2025-02,BVZ,108.25,110.18,107.13,110.8,4545117
2025-02-13,2025-02,DATA,62.85,61.91,61.89,63.52,4216789
2025-02-13,2025-02,CHRT,226.45,225.78,223.58,228.54,2538993
2025-02-14,2025-02,BVZ,110.18,111.76,109.53,112.81,1894056
2025-02-14,2025-02,DATA,61.91,62.57,61.08,63.21,4129716
2025-02-14,2025-02,CHRT,225.78,227.05,223.48,228.23,902262
2025-02-17,2025-02,BVZ,111.76,112.03,110.5,113.54,1198229
2025-02-17,2025-02,DATA,62.57,62.03,61.26,63.04,2753871
2025-02-17,2025-02,CHRT,227.05,224.95,224.37,228.73,1927075
2025-02-18,2025-02,BVZ,112.03,109.95,108.69,112.68,1228890
2025-02-18,2025-02,DATA,62.03,61.55,61.21,62.59,2624380
2025-02-18,2025-02,CHRT,224.95,223.49,222.21,227.89,1323474
2025-02-19,2025-02,BVZ,109.95,111.38,109.35,112.72,1807902
2025-02-19,2025-02,DATA,61.55,61.23,60.95,61.74,2555369
2025-02-19,2025-02,CHRT,223.49,225.17,222.37,227.4,1446686
2025-02-20,2025-02,BVZ,111.38,113.47,110.37,114.97,4844041
2025-02-20,2025-02,DATA,61.23,62.02,60.91,62.08,2128721
2025-02-20,2025-02,CHRT,225.17,224.67,223.79,225.38,1753261
2025-02-21,2025-02,BVZ,113.47,115.51,112.34,116.89,991467
2025-02-21,2025-02,DATA,62.02,63.3,61.38,63.42,3865260
2025-02-21,2025-02,CHRT,224.67,224.75,223.53,226.73,1943632
2025-02-24,2025-02,BVZ,115.51,113.96,113.55,116.47,1075810
2025-02-24,2025-02,DATA,63.3,62.58,61.99,63.86,2091623
2025-02-24,2025-02,CHRT,224.75,220.64,220.16,226.64,2508615
2025-02-25,2025-02,BVZ,113.96,111.78,110.5,114.71,2031330
2025-02-25,2025-02,DATA,62.58,62.72,61.91,62.75,2825400
2025-02-25,2025-02,CHRT,220.64,220.95,219.54,220.99,2236975
2025-02-26,2025-02,BVZ,111.78,112.06,110.78,112.49,2379958
2025-02-26,2025-02,DATA,62.72,63.98,62.08,64.62,2448509
2025-02-26,2025-02,CHRT,220.95,221.27,218.37,221.77,1431456
2025-02-27,2025-02,BVZ,112.06,113.58,111.78,114.05,4132778
2025-02-27,2025-02,DATA,63.98,63.88,63.59,64.85,1787857
2025-02-27,2025-02,CHRT,221.27,222.53,221.14,223.41,2481476
2025-02-28,2025-02,BVZ,113.58,113.02,112.77,114.28,2254528
2025-02-28,2025-02,DATA,63.88,64.91,63.01,65.49,1354970
2025-02-28,2025-02,CHRT,222.53,220,218.26,224.86,4163306
2025-03-03,2025-03,BVZ,113.02,115.33,112.37,115.43,2575288
2025-03-03,2025-03,DATA,64.91,65.97,64.08,66.74,4336296
2025-03-03,2025-03,CHRT,220,221.35,218.49,223.09,1581606
2025-03-04,2025-03,BVZ,115.33,117.11,114.79,118.61,3372243
2025-03-04,2025-03,DATA,65.97,66.61,65.08,67.57,1767257
2025-03-04,2025-03,CHRT,221.35,218.81,218.1,221.5,2853543
2025-03-05,2025-03,BVZ,117.11,117.26,116.25,117.61,3296757
2025-03-05,2025-03,DATA,66.61,65.99,65.98,67.25,1231787
2025-03-05,2025-03,CHRT,218.81,220.9,215.97,221.7,2082985
2025-03-06,2025-03,BVZ,117.26,117.45,116.39,119.05,3113281
2025-03-06,2025-03,DATA,65.99,65.85,64.97,66.18,3065986
2025-03-06,2025-03,CHRT,220.9,224.85,218.86,227.87,896203
2025-03-07,2025-03,BVZ,117.45,116.49,115.75,117.93,1665701
2025-03-07,2025-03,DATA,65.85,66.72,65.15,66.97,4431208
2025-03-07,2025-03,CHRT,224.85,227.84,221.9,230.64,3404111
2025-03-10,2025-03,BVZ,116.49,115.59,114.52,118.06,863168
2025-03-10,2025-03,DATA,66.72,66.83,66.22,67.16,2469438
2025-03-10,2025-03,CHRT,227.84,232.19,227.46,235.47,4334058
2025-03-11,2025-03,BVZ,115.59,115.53,114.03,115.63,894679
2025-03-11,2025-03,DATA,66.83,66,65.39,67.21,3113885
2025-03-11,2025-03,CHRT,232.19,232.87,229.84,234.51,3503157
2025-03-12,2025-03,BVZ,115.53,114.31,113.75,116.83,2569147
2025-03-12,2025-03,DATA,66,66.17,65.47,67.08,2746628
2025-03-12,2025-03,CHRT,232.87,228.46,226.47,235.71,3066821
2025-03-13,2025-03,BVZ,114.31,114.7,113.75,116.19,2576689
2025-03-13,2025-03,DATA,66.17,65.96,65.92,67.15,1743075
2025-03-13,2025-03,CHRT,228.46,225.27,222.6,230.58,3818784
2025-03-14,2025-03,BVZ,114.7,114.25,112.9,115.84,2116009
2025-03-14,2025-03,DATA,65.96,65.27,65.18,66.22,3701922
2025-03-14,2025-03,CHRT,225.27,222.74,220.07,227.46,3535016
2025-03-17,2025-03,BVZ,114.25,112.07,111.91,114.26,1087712
2025-03-17,2025-03,DATA,65.27,65.13,64.37,65.67,2589328
2025-03-17,2025-03,CHRT,222.74,222.21,220.64,223.9,1597482
2025-03-18,2025-03,BVZ,112.07,110.18,109.8,113.72,3279912
2025-03-18,2025-03,DATA,65.13,65.02,64.24,65.46,2388507
2025-03-18,2025-03,CHRT,222.21,226.25,221.83,228.11,4554475
2025-03-19,2025-03,BVZ,110.18,108.62,107.82,110.3,3833475
2025-03-19,2025-03,DATA,65.02,65.66,64.74,66.41,3998057
2025-03-19,2025-03,CHRT,226.25,222.27,220.2,228.18,2435548
2025-03-20,2025-03,BVZ,108.62,110.42,107.12,112.03,3916958
2025-03-20,2025-03,DATA,65.66,66.66,65.34,66.8,947675
2025-03-20,2025-03,CHRT,222.27,219.51,218.21,223.93,1643735
2025-03-21,2025-03,BVZ,110.42,108.42,107.79,111.26,4628071
2025-03-21,2025-03,DATA,66.66,67.65,65.87,67.86,2617838
2025-03-21,2025-03,CHRT,219.51,222.9,216.43,223.65,2163638
2025-03-24,2025-03,BVZ,108.42,110.29,106.89,111.94,3703277
2025-03-24,2025-03,DATA,67.65,66.54,66.32,68.21,2837911
2025-03-24,2025-03,CHRT,222.9,221.63,219.31,225.72,2206818
2025-03-25,2025-03,BVZ,110.29,110,108.77,110.39,3085379
2025-03-25,2025-03,DATA,66.54,65.88,65.21,66.62,3008779
2025-03-25,2025-03,CHRT,221.63,223.17,219.15,224.07,1466376
2025-03-26,2025-03,BVZ,110,109.51,109.38,110.66,3346636
2025-03-26,2025-03,DATA,65.88,66.68,65.39,66.85,3304961
2025-03-26,2025-03,CHRT,223.17,218.97,216.22,225.13,4563560
2025-03-27,2025-03,BVZ,109.51,108.25,106.67,110.56,3161670
2025-03-27,2025-03,DATA,66.68,66.16,65.31,67.59,1415577
2025-03-27,2025-03,CHRT,218.97,221.62,217.42,224.71,3702519
2025-03-28,2025-03,BVZ,108.25,108.14,107.76,109.82,2929572
2025-03-28,2025-03,DATA,66.16,66.38,65.51,66.68,2620000
2025-03-28,2025-03,CHRT,221.62,219.32,218.28,224.05,3130508
2025-03-31,2025-03,BVZ,108.14,108.09,106.93,108.72,1311070
2025-03-31,2025-03,DATA,66.38,66.07,65.65,66.4,3262687
2025-03-31,2025-03,CHRT,219.32,216.8,214.76,222.24,2915488
2025-04-01,2025-04,BVZ,108.09,106.43,105.86,108.13,3943735
2025-04-01,2025-04,DATA,66.07,65.91,65.51,66.62,2011537
2025-04-01,2025-04,CHRT,216.8,220.44,215.48,221.42,4181656
2025-04-02,2025-04,BVZ,106.43,108.33,106.24,109.42,3940496
2025-04-02,2025-04,DATA,65.91,67.12,65.3,67.31,2810443
2025-04-02,2025-04,CHRT,220.44,218.83,218.25,221.49,3760856
2025-04-03,2025-04,BVZ,108.33,107.05,105.71,109.4,3690078
2025-04-03,2025-04,DATA,67.12,67.23,66.55,67.88,2318281
2025-04-03,2025-04,CHRT,218.83,217.34,214.99,220.98,2475996
2025-04-04,2025-04,BVZ,107.05,109.04,106.67,110.47,3812165
2025-04-04,2025-04,DATA,67.23,66.86,66.12,68.11,1333203
2025-04-04,2025-04,CHRT,217.34,221.18,216.45,224.19,3709779
2025-04-07,2025-04,BVZ,109.04,110.87,107.57,112.02,917078
2025-04-07,2025-04,DATA,66.86,66.34,66.08,67.03,3356953
2025-04-07,2025-04,CHRT,221.18,224.2,219.22,225.68,3686875
2025-04-08,2025-04,BVZ,110.87,111.94,109.33,112.97,1781790
2025-04-08,2025-04,DATA,66.34,67.04,65.87,67.88,1767227
2025-04-08,2025-04,CHRT,224.2,228.18,221.55,230.22,1027224
2025-04-09,2025-04,BVZ,111.94,114.06,111.72,115.64,2779930
2025-04-09,2025-04,DATA,67.04,67.35,66.07,67.35,1635095
2025-04-09,2025-04,CHRT,228.18,227.09,224.09,228.71,3255686
2025-04-10,2025-04,BVZ,114.06,115.25,113.56,116.17,1403733
2025-04-10,2025-04,DATA,67.35,67.16,66.48,68.3,2208182
2025-04-10,2025-04,CHRT,227.09,225.07,221.8,228.75,3239248
2025-04-11,2025-04,BVZ,115.25,117.38,114.49,118.17,1284395
2025-04-11,2025-04,DATA,67.16,67.07,66.33,67.17,1619091
2025-04-11,2025-04,CHRT,225.07,228.6,224.83,231.51,2245531
2025-04-14,2025-04,BVZ,117.38,115.29,114.95,118.8,4426720
2025-04-14,2025-04,DATA,67.07,67.07,66.7,67.39,2233024
2025-04-14,2025-04,CHRT,228.6,230.66,226.75,231.02,1480214
2025-04-15,2025-04,BVZ,115.29,115.57,113.78,116.09,834172
2025-04-15,2025-04,DATA,67.07,68.27,66.3,68.56,2804417
2025-04-15,2025-04,CHRT,230.66,234.76,228.91,236.2,1391711
2025-04-16,2025-04,BVZ,115.57,115.93,114.1,117.42,1886802
2025-04-16,2025-04,DATA,68.27,68.14,67.2,68.86,3206460
2025-04-16,2025-04,CHRT,234.76,234.34,233.87,238.07,2396057
2025-04-17,2025-04,BVZ,115.93,117.15,115.87,118.61,4266084
2025-04-17,2025-04,DATA,68.14,67.21,66.22,68.55,4039506
2025-04-17,2025-04,CHRT,234.34,238.09,232.34,238.95,1338523
2025-04-18,2025-04,BVZ,117.15,115.5,114.82,118.41,3226470
2025-04-18,2025-04,DATA,67.21,66.16,65.76,67.82,3343283
2025-04-18,2025-04,CHRT,238.09,236.1,235.09,238.28,2858905
2025-04-21,2025-04,BVZ,115.5,115.4,115.15,117.19,1213839
2025-04-21,2025-04,DATA,66.16,65.4,64.68,66.8,3003423
2025-04-21,2025-04,CHRT,236.1,232.89,231.96,237.08,1121626
2025-04-22,2025-04,BVZ,115.4,114.31,113.73,116.78,2709719
2025-04-22,2025-04,DATA,65.4,65.28,65.05,66.05,1658552
2025-04-22,2025-04,CHRT,232.89,230.84,229.95,235.4,3186437
2025-04-23,2025-04,BVZ,114.31,112.92,111.54,114.83,3996050
2025-04-23,2025-04,DATA,65.28,65.45,64.99,65.95,2713706
2025-04-23,2025-04,CHRT,230.84,231.2,229.07,232.64,1212307
2025-04-24,2025-04,BVZ,112.92,111.87,110.77,114.32,1697334
2025-04-24,2025-04,DATA,65.45,65.54,64.5,66.49,3049596
2025-04-24,2025-04,CHRT,231.2,230.68,229.38,232.27,1577908
2025-04-25,2025-04,BVZ,111.87,110.89,110.56,113.3,2930332
2025-04-25,2025-04,DATA,65.54,66.47,65.21,67.43,3718030
2025-04-25,2025-04,CHRT,230.68,232.61,227.28,234.15,3730324
2025-04-28,2025-04,BVZ,110.89,112.43,110.78,113.91,3365699
2025-04-28,2025-04,DATA,66.47,67.82,65.93,68.4,4561295
2025-04-28,2025-04,CHRT,232.61,230.5,229.45,233.25,2832384
2025-04-29,2025-04,BVZ,112.43,110.31,108.96,114.07,2213965
2025-04-29,2025-04,DATA,67.82,68.59,67.56,69,3951830
2025-04-29,2025-04,CHRT,230.5,234.39,228.44,236.25,3676855
2025-04-30,2025-04,BVZ,110.31,109.53,108.11,111.42,2658884
2025-04-30,2025-04,DATA,68.59,67.53,67.09,69.38,4064666
2025-04-30,2025-04,CHRT,234.39,237.55,232.87,240.32,3208126
2025-05-01,2025-05,BVZ,109.53,111.35,108.1,111.86,4451089
2025-05-01,2025-05,DATA,67.53,68.35,67.53,68.91,1095902
2025-05-01,2025-05,CHRT,237.55,237.91,235.34,240.07,3067846
2025-05-02,2025-05,BVZ,111.35,109.87,108.24,111.37,2002035
2025-05-02,2025-05,DATA,68.35,67.58,66.62,68.47,1885946
2025-05-02,2025-05,CHRT,237.91,235.76,234.51,239.27,1865580
2025-05-05,2025-05,BVZ,109.87,110.86,108.65,112.45,2544398
2025-05-05,2025-05,DATA,67.58,68.32,66.82,68.83,1641641
2025-05-05,2025-05,CHRT,235.76,236.04,234.26,236.72,1977670
2025-05-06,2025-05,BVZ,110.86,111.06,110.7,111.69,1828604
2025-05-06,2025-05,DATA,68.32,68.48,68.18,69.01,2708896
2025-05-06,2025-05,CHRT,236.04,231.68,230.19,236.09,1142316
2025-05-07,2025-05,BVZ,111.06,112.36,110.02,112.57,3478820
2025-05-07,2025-05,DATA,68.48,69.46,68.12,69.6,2839444
2025-05-07,2025-05,CHRT,231.68,235.78,231.09,237.77,4280871
2025-05-08,2025-05,BVZ,112.36,113.79,111.79,114.63,994358
2025-05-08,2025-05,DATA,69.46,70.52,69.13,70.93,4670372
2025-05-08,2025-05,CHRT,235.78,236.49,233,238.41,3066998
2025-05-09,2025-05,BVZ,113.79,111.69,110.4,114.76,4127376
2025-05-09,2025-05,DATA,70.52,69.87,69.59,71.22,3173547
2025-05-09,2025-05,CHRT,236.49,236.69,233.87,239.05,2402755
2025-05-12,2025-05,BVZ,111.69,113.43,111.01,113.47,2437452
2025-05-12,2025-05,DATA,69.87,70.92,69.35,71.89,4666316
2025-05-12,2025-05,CHRT,236.69,233.84,231.8,237.68,934076
2025-05-13,2025-05,BVZ,113.43,112.07,110.64,113.59,3244377
2025-05-13,2025-05,DATA,70.92,71.56,70.4,72.07,1594187
2025-05-13,2025-05,CHRT,233.84,232.25,229.78,236.69,1636885
2025-05-14,2025-05,BVZ,112.07,111.52,111.06,113.04,1682944
2025-05-14,2025-05,DATA,71.56,71.06,70.76,72.08,1241349
2025-05-14,2025-05,CHRT,232.25,234.52,231.63,237.03,3686608
2025-05-15,2025-05,BVZ,111.52,113.75,111.33,115.31,3840617
2025-05-15,2025-05,DATA,71.06,69.84,69.21,71.94,3928476
2025-05-15,2025-05,CHRT,234.52,238.99,232.47,241.63,1453768
2025-05-16,2025-05,BVZ,113.75,115.22,112.05,116.27,1022552
2025-05-16,2025-05,DATA,69.84,69,68.71,70.37,1016967
2025-05-16,2025-05,CHRT,238.99,237.14,236.99,239.5,1676386
2025-05-19,2025-05,BVZ,115.22,115.88,114.06,116.24,3037534
2025-05-19,2025-05,DATA,69,70.44,68.71,70.91,2945516
2025-05-19,2025-05,CHRT,237.14,240.96,234.72,241.02,4011793
2025-05-20,2025-05,BVZ,115.88,115.3,114.97,117.31,2354912
2025-05-20,2025-05,DATA,70.44,69.71,69.42,71.46,3010287
2025-05-20,2025-05,CHRT,240.96,245.66,239.19,246.14,3862678
2025-05-21,2025-05,BVZ,115.3,115.29,113.62,115.69,1417325
2025-05-21,2025-05,DATA,69.71,69.6,69.06,69.83,3027178
2025-05-21,2025-05,CHRT,245.66,249.24,245.47,252.4,4110212
2025-05-22,2025-05,BVZ,115.29,113.76,112.48,116.81,2866729
2025-05-22,2025-05,DATA,69.6,69.55,69.3,69.72,2831675
2025-05-22,2025-05,CHRT,249.24,253.42,246.61,254.25,2260025
2025-05-23,2025-05,BVZ,113.76,112.99,111.55,115.07,1904229
2025-05-23,2025-05,DATA,69.55,70.64,69.27,71.08,2812573
2025-05-23,2025-05,CHRT,253.42,255.53,252.49,259.3,3340429
2025-05-26,2025-05,BVZ,112.99,112.95,112.89,113.06,2799757
2025-05-26,2025-05,DATA,70.64,70.73,69.68,71.62,2137723
2025-05-26,2025-05,CHRT,255.53,258.21,254.13,259.58,1987729
2025-05-27,2025-05,BVZ,112.95,111.75,111.46,114.21,3939192
2025-05-27,2025-05,DATA,70.73,71.92,69.92,72.68,1912742
2025-05-27,2025-05,CHRT,258.21,258.4,254.59,260.8,2516926
2025-05-28,2025-05,BVZ,111.75,110.81,109.18,112.03,2314541
2025-05-28,2025-05,DATA,71.92,72.22,71.79,72.82,1291600
2025-05-28,2025-05,CHRT,258.4,259.66,258.14,263.51,2035643
2025-05-29,2025-05,BVZ,110.81,109.02,108.55,111.56,1160884
2025-05-29,2025-05,DATA,72.22,71.75,71.13,72.43,3820636
2025-05-29,2025-05,CHRT,259.66,258.52,258.01,261.66,1158466
2025-05-30,2025-05,BVZ,109.02,107.99,107.01,109.67,855492
2025-05-30,2025-05,DATA,71.75,71.04,70.78,72.81,3784245
2025-05-30,2025-05,CHRT,258.52,254.36,252.39,259.96,2163962
2025-06-02,2025-06,BVZ,107.99,109.63,106.47,110.38,1658048
2025-06-02,2025-06,DATA,71.04,70.37,69.62,71.25,1578232
2025-06-02,2025-06,CHRT,254.36,256.05,251.31,258.97,2208006
2025-06-03,2025-06,BVZ,109.63,109.31,107.74,110.73,1730161
2025-06-03,2025-06,DATA,70.37,69.16,68.88,71.4,4006193
2025-06-03,2025-06,CHRT,256.05,251.23,250.44,259.34,1589290
2025-06-04,2025-06,BVZ,109.31,111.37,107.76,111.55,3644225
2025-06-04,2025-06,DATA,69.16,69.94,68.84,70.16,3377774
2025-06-04,2025-06,CHRT,251.23,255.49,250.38,259.16,4371356
2025-06-05,2025-06,BVZ,111.37,110.36,109.16,111.99,1483672
2025-06-05,2025-06,DATA,69.94,70.88,69.47,71.85,2670145
2025-06-05,2025-06,CHRT,255.49,256.37,253.17,256.97,2358760
2025-06-06,2025-06,BVZ,110.36,108.33,107.01,111.86,1360537
2025-06-06,2025-06,DATA,70.88,69.84,69.53,71.69,825823
2025-06-06,2025-06,CHRT,256.37,253.7,252.71,259.28,1258507
2025-06-09,2025-06,BVZ,108.33,107.32,106.56,108.42,2383617
2025-06-09,2025-06,DATA,69.84,69.78,69.24,69.93,1969225
2025-06-09,2025-06,CHRT,253.7,253.09,252.79,254.11,2644710
2025-06-10,2025-06,BVZ,107.32,106.33,104.82,107.43,1245050
2025-06-10,2025-06,DATA,69.78,69.61,68.99,70.54,2993630
2025-06-10,2025-06,CHRT,253.09,253.01,250.63,254.6,2953727
2025-06-11,2025-06,BVZ,106.33,105.97,105.01,106.62,1297365
2025-06-11,2025-06,DATA,69.61,70.14,68.98,70.37,2429739
2025-06-11,2025-06,CHRT,253.01,248.96,245.41,255.26,3876533
2025-06-12,2025-06,BVZ,105.97,105.77,105.71,107.54,2155781
2025-06-12,2025-06,DATA,70.14,70.63,70.03,70.79,3720057
2025-06-12,2025-06,CHRT,248.96,252.11,245.68,252.65,924771
2025-06-13,2025-06,BVZ,105.77,107.13,104.82,107.39,2787051
2025-06-13,2025-06,DATA,70.63,69.78,69.12,71.12,3950604
2025-06-13,2025-06,CHRT,252.11,251.34,251.1,254.47,1559076
2025-06-16,2025-06,BVZ,107.13,107.12,105.85,107.67,1371324
2025-06-16,2025-06,DATA,69.78,69.88,69.19,70.48,2537269
2025-06-16,2025-06,CHRT,251.34,247.42,244.83,252.1,2508928
2025-06-17,2025-06,BVZ,107.12,108,106.88,108.14,1953074
2025-06-17,2025-06,DATA,69.88,69.4,69.37,70.62,1618761
2025-06-17,2025-06,CHRT,247.42,245.39,244.03,249.56,2447821
2025-06-18,2025-06,BVZ,108,108.6,107.47,108.73,2768198
2025-06-18,2025-06,DATA,69.4,70.77,69.06,70.87,4427472
2025-06-18,2025-06,CHRT,245.39,249.47,245.32,252.33,2073636
2025-06-19,2025-06,BVZ,108.6,108.07,107.4,110.02,1532275
2025-06-19,2025-06,DATA,70.77,71.06,69.79,71.3,2560687
2025-06-19,2025-06,CHRT,249.47,249.08,245.95,250.13,1027229
2025-06-20,2025-06,BVZ,108.07,107.31,106.42,108.53,3096529
2025-06-20,2025-06,DATA,71.06,71.42,70.03,72.29,3523031
2025-06-20,2025-06,CHRT,249.08,253.65,246.8,254.78,2647380
2025-06-23,2025-06,BVZ,107.31,106.32,105.21,108.8,863901
2025-06-23,2025-06,DATA,71.42,72.6,70.89,73.57,4628055
2025-06-23,2025-06,CHRT,253.65,249.15,245.46,256.88,2617287
2025-06-24,2025-06,BVZ,106.32,105.56,104.48,107.56,1071397
2025-06-24,2025-06,DATA,72.6,73.16,72.57,74,2240416
2025-06-24,2025-06,CHRT,249.15,246.5,245.25,250.06,3226582
2025-06-25,2025-06,BVZ,105.56,105.82,105.22,106.77,1116515
2025-06-25,2025-06,DATA,73.16,74.11,72.78,74.24,1049845
2025-06-25,2025-06,CHRT,246.5,244.11,240.46,250.13,3073107
2025-06-26,2025-06,BVZ,105.82,106,104.68,107.42,2351962
2025-06-26,2025-06,DATA,74.11,74.73,74.09,75.76,2338068
2025-06-26,2025-06,CHRT,244.11,242.04,240.53,244.58,3528949
2025-06-27,2025-06,BVZ,106,104.48,104.1,107.4,1582445
2025-06-27,2025-06,DATA,74.73,74.13,73.92,74.92,823110
2025-06-27,2025-06,CHRT,242.04,242.77,240.32,242.82,1589012
2025-06-30,2025-06,BVZ,104.48,105.28,104.29,105.88,3889579
2025-06-30,2025-06,DATA,74.13,74.24,73.95,75.27,1649046
2025-06-30,2025-06,CHRT,242.77,245.48,240.73,245.58,3559315
2025-07-01,2025-07,BVZ,105.28,103.45,102.26,105.98,2187008
2025-07-01,2025-07,DATA,74.24,73.5,73.08,75.22,2256634
2025-07-01,2025-07,CHRT,245.48,242.32,238.73,246.95,4261683
2025-07-02,2025-07,BVZ,103.45,105.05,102.21,105.27,1197892
2025-07-02,2025-07,DATA,73.5,74.47,73.42,75.57,2749665
2025-07-02,2025-07,CHRT,242.32,241.51,238.22,243.92,1639374
2025-07-03,2025-07,BVZ,105.05,106.34,103.55,106.46,2196944
2025-07-03,2025-07,DATA,74.47,75.95,74.44,76.06,1245847
2025-07-03,2025-07,CHRT,241.51,239.73,239.18,243.26,3457168
2025-07-04,2025-07,BVZ,106.34,106.01,104.76,107.71,2788619
2025-07-04,2025-07,DATA,75.95,76.44,75.85,76.5,1657371
2025-07-04,2025-07,CHRT,239.73,238.64,238.36,240.48,1887876
2025-07-07,2025-07,BVZ,106.01,104.48,103.66,106.1,3946867
2025-07-07,2025-07,DATA,76.44,77.92,76.05,77.98,3503388
2025-07-07,2025-07,CHRT,238.64,238.92,236.72,240.59,1183798
2025-07-08,2025-07,BVZ,104.48,106.32,103.78,106.34,1188273
2025-07-08,2025-07,DATA,77.92,77.61,76.92,78.96,1923257
2025-07-08,2025-07,CHRT,238.92,243.51,236.43,247.09,4968392
2025-07-09,2025-07,BVZ,106.32,105.13,103.74,106.91,2129746
2025-07-09,2025-07,DATA,77.61,77.21,76.17,78.35,2541769
2025-07-09,2025-07,CHRT,243.51,248.27,242.59,250.45,4837974
2025-07-10,2025-07,BVZ,105.13,105.52,104.9,105.88,1583845
2025-07-10,2025-07,DATA,77.21,76.2,75.88,77.84,4372738
2025-07-10,2025-07,CHRT,248.27,246.4,243.51,250.65,2807967
2025-07-11,2025-07,BVZ,105.52,106.05,104.09,106.06,2314861
2025-07-11,2025-07,DATA,76.2,76.66,75.77,77.45,1245747
2025-07-11,2025-07,CHRT,246.4,245.03,242.83,248.54,2606089
2025-07-14,2025-07,BVZ,106.05,104.71,104.29,107.6,4187878
2025-07-14,2025-07,DATA,76.66,76.95,76.48,78.05,1778705
2025-07-14,2025-07,CHRT,245.03,247.49,243.13,249.5,1286921
2025-07-15,2025-07,BVZ,104.71,105.81,104.33,106.32,2382639
2025-07-15,2025-07,DATA,76.95,77.64,76.23,78.52,2711638
2025-07-15,2025-07,CHRT,247.49,248.22,244.67,249.21,1747893
2025-07-16,2025-07,BVZ,105.81,106.87,104.29,107.5,1865097
2025-07-16,2025-07,DATA,77.64,76.81,76.19,77.76,4351578
2025-07-16,2025-07,CHRT,248.22,249.47,247.82,251.55,1312093
2025-07-17,2025-07,BVZ,106.87,105.99,105.4,107.48,2000314
2025-07-17,2025-07,DATA,76.81,76.87,75.82,77.38,972157
2025-07-17,2025-07,CHRT,249.47,249.28,246.44,252.34,1575707
2025-07-18,2025-07,BVZ,105.99,105.84,105.13,107.48,2416250
2025-07-18,2025-07,DATA,76.87,78.36,76.86,78.4,4804601
2025-07-18,2025-07,CHRT,249.28,246.35,245.73,252.74,1414046
2025-07-21,2025-07,BVZ,105.84,108.02,105.62,109.39,3765459
2025-07-21,2025-07,DATA,78.36,76.89,76.31,78.97,1639880
2025-07-21,2025-07,CHRT,246.35,243.43,242.82,246.62,1944842
2025-07-22,2025-07,BVZ,108.02,107.59,107.47,108.45,1202520
2025-07-22,2025-07,DATA,76.89,76.7,75.72,77.69,3463300
2025-07-22,2025-07,CHRT,243.43,244.71,240.3,247.13,1613406
2025-07-23,2025-07,BVZ,107.59,108.35,107.52,109.85,2721465
2025-07-23,2025-07,DATA,76.7,76.93,75.6,77.16,1782014
2025-07-23,2025-07,CHRT,244.71,241.85,240.53,245.47,3156887
2025-07-24,2025-07,BVZ,108.35,107.58,107.48,108.69,3899256
2025-07-24,2025-07,DATA,76.93,76.28,76.18,77.58,2047586
2025-07-24,2025-07,CHRT,241.85,244.36,241.02,244.87,3254228
2025-07-25,2025-07,BVZ,107.58,109.64,106.78,111.07,3102214
2025-07-25,2025-07,DATA,76.28,75.08,74.48,76.51,2179031
2025-07-25,2025-07,CHRT,244.36,249.06,240.72,252.31,1135878
2025-07-28,2025-07,BVZ,109.64,109.63,108.56,111.13,817463
2025-07-28,2025-07,DATA,75.08,74.02,73.91,76,1486795
2025-07-28,2025-07,CHRT,249.06,252.95,245.96,254.59,1601267
2025-07-29,2025-07,BVZ,109.63,110.26,108.46,111.72,1023748
2025-07-29,2025-07,DATA,74.02,74.31,73.46,74.85,2308720
2025-07-29,2025-07,CHRT,252.95,254.87,250.52,256.2,2997937
2025-07-30,2025-07,BVZ,110.26,111.26,109.81,111.99,843819
2025-07-30,2025-07,DATA,74.31,74.93,73.59,74.96,2263163
2025-07-30,2025-07,CHRT,254.87,251.91,250.07,258.65,2097427
2025-07-31,2025-07,BVZ,111.26,113.2,110.83,113.34,4831366
2025-07-31,2025-07,DATA,74.93,73.65,72.77,74.99,3021243
2025-07-31,2025-07,CHRT,251.91,247.18,243.86,253.04,1637933
2025-08-01,2025-08,BVZ,113.2,113.26,111.9,114.04,2089247
2025-08-01,2025-08,DATA,73.65,73.34,72.93,74.17,1186500
2025-08-01,2025-08,CHRT,247.18,244.79,243.7,250.78,3166432
2025-08-04,2025-08,BVZ,113.26,113.53,112.42,113.67,3186155
2025-08-04,2025-08,DATA,73.34,74.25,72.27,74.69,3188017
2025-08-04,2025-08,CHRT,244.79,243.7,243.14,246.08,2238397
2025-08-05,2025-08,BVZ,113.53,112.37,111.57,114.47,3062956
2025-08-05,2025-08,DATA,74.25,74.49,73.54,74.62,1960308
2025-08-05,2025-08,CHRT,243.7,244.02,241.81,244.32,1385813
2025-08-06,2025-08,BVZ,112.37,111.36,111.24,112.62,3333002
2025-08-06,2025-08,DATA,74.49,74.91,74.39,75.31,3692248
2025-08-06,2025-08,CHRT,244.02,246.72,242.52,248.84,4262449
2025-08-07,2025-08,BVZ,111.36,111.69,110.11,113.24,2603463
2025-08-07,2025-08,DATA,74.91,74.45,73.56,75.19,1245571
2025-08-07,2025-08,CHRT,246.72,244.69,243.67,247.75,3502254
2025-08-08,2025-08,BVZ,111.69,113.98,110.72,115.24,1500421
2025-08-08,2025-08,DATA,74.45,74.05,73.89,75.44,2188682
2025-08-08,2025-08,CHRT,244.69,245.26,242.43,246.27,2523806
2025-08-11,2025-08,BVZ,113.98,113.24,113.19,114.38,928953
2025-08-11,2025-08,DATA,74.05,73.44,72.67,74.28,2973669
2025-08-11,2025-08,CHRT,245.26,241.69,241.38,247.16,3277314
2025-08-12,2025-08,BVZ,113.24,112.7,112.54,114.93,1647868
2025-08-12,2025-08,DATA,73.44,72.91,71.9,73.85,3956066
2025-08-12,2025-08,CHRT,241.69,245.2,238.97,246.16,4250718
2025-08-13,2025-08,BVZ,112.7,114.01,111.67,115.61,4089186
2025-08-13,2025-08,DATA,72.91,72.8,72.37,73.95,1550422
2025-08-13,2025-08,CHRT,245.2,243.27,242.08,245.64,1074933
2025-08-14,2025-08,BVZ,114.01,112.84,111.35,115.3,1130827
2025-08-14,2025-08,DATA,72.8,73.1,72.07,73.79,2194555
2025-08-14,2025-08,CHRT,243.27,244.66,240.38,248.16,1856356
2025-08-15,2025-08,BVZ,112.84,114.25,112.56,115.72,1518516
2025-08-15,2025-08,DATA,73.1,72.76,71.93,73.8,976991
2025-08-15,2025-08,CHRT,244.66,244.42,243.44,245.23,1654311
2025-08-18,2025-08,BVZ,114.25,114.78,113.87,116.16,1374189
2025-08-18,2025-08,DATA,72.76,71.75,71.41,73.64,1751823
2025-08-18,2025-08,CHRT,244.42,245.99,244.21,246.02,2479090
2025-08-19,2025-08,BVZ,114.78,114.83,114.08,116.25,1427044
2025-08-19,2025-08,DATA,71.75,72.1,71.51,72.4,3245226
2025-08-19,2025-08,CHRT,245.99,242.41,242.03,246.97,3066454
2025-08-20,2025-08,BVZ,114.83,116.21,113.23,116.56,3297769
2025-08-20,2025-08,DATA,72.1,71.78,71.13,72.39,1002917
2025-08-20,2025-08,CHRT,242.41,242.21,240.41,244.41,2784176
2025-08-21,2025-08,BVZ,116.21,115.83,115.21,117.03,3192279
2025-08-21,2025-08,DATA,71.78,72.26,71.05,72.85,3291177
2025-08-21,2025-08,CHRT,242.21,245.03,239.67,247.36,2728156
2025-08-22,2025-08,BVZ,115.83,114.66,113.86,116.72,1537266
2025-08-22,2025-08,DATA,72.26,73.6,72.06,74.09,2247159
2025-08-22,2025-08,CHRT,245.03,246.95,243.52,249.36,3822823
2025-08-25,2025-08,BVZ,114.66,116.46,113.14,117.58,2436941
2025-08-25,2025-08,DATA,73.6,73.42,73.37,74.69,3388580
2025-08-25,2025-08,CHRT,246.95,245.21,242.1,249.3,1172800
2025-08-26,2025-08,BVZ,116.46,118.49,116.15,119.16,3336069
2025-08-26,2025-08,DATA,73.42,73.77,72.57,74.12,1241447
2025-08-26,2025-08,CHRT,245.21,245.19,243.55,246.69,2917711
2025-08-27,2025-08,BVZ,118.49,119.98,118.25,120.68,946077
2025-08-27,2025-08,DATA,73.77,73.46,73.39,73.95,2995067
2025-08-27,2025-08,CHRT,245.19,240.83,237.31,246.78,5065811
2025-08-28,2025-08,BVZ,119.98,120.83,119.31,121.33,3390991
2025-08-28,2025-08,DATA,73.46,73.8,73.25,74.64,2566647
2025-08-28,2025-08,CHRT,240.83,242.39,239.78,243.67,2554504
2025-08-29,2025-08,BVZ,120.83,119.79,118.46,121.9,2093431
2025-08-29,2025-08,DATA,73.8,75,73.34,75.3,2742605
2025-08-29,2025-08,CHRT,242.39,239.38,237.2,242.55,873606
2025-09-01,2025-09,BVZ,119.79,121.58,118.75,121.59,1472588
2025-09-01,2025-09,DATA,75,75.3,74.94,75.4,2207004
2025-09-01,2025-09,CHRT,239.38,238.38,235.02,240.03,1719882
2025-09-02,2025-09,BVZ,121.58,123.81,120.55,125.61,4059057
2025-09-02,2025-09,DATA,75.3,74.51,74.32,76.26,2377425
2025-09-02,2025-09,CHRT,238.38,234.48,231.76,240.44,4012441
2025-09-03,2025-09,BVZ,123.81,123.51,121.88,125.08,2998858
2025-09-03,2025-09,DATA,74.51,73.16,72.28,75.07,3451236
2025-09-03,2025-09,CHRT,234.48,235.98,231.12,237.24,2614267
2025-09-04,2025-09,BVZ,123.51,121.99,121.94,123.55,2949059
2025-09-04,2025-09,DATA,73.16,72.66,72.49,74.05,1068583
2025-09-04,2025-09,CHRT,235.98,237.33,234.42,238.85,3592458
2025-09-05,2025-09,BVZ,121.99,123.05,121.51,124.28,1976201
2025-09-05,2025-09,DATA,72.66,73.82,71.66,74,1936584
2025-09-05,2025-09,CHRT,237.33,234.76,232.13,240.18,3985197
2025-09-08,2025-09,BVZ,123.05,121.75,120.9,123.52,4011094
2025-09-08,2025-09,DATA,73.82,73.57,72.85,74.18,2471182
2025-09-08,2025-09,CHRT,234.76,230.12,228.14,238.23,1617784
2025-09-09,2025-09,BVZ,121.75,123.4,121.48,124.51,1926752
2025-09-09,2025-09,DATA,73.57,73.43,73.29,74.32,3464283
2025-09-09,2025-09,CHRT,230.12,227.64,227.3,233.46,2062485
2025-09-10,2025-09,BVZ,123.4,122.2,120.83,124.24,2562550
2025-09-10,2025-09,DATA,73.43,73.33,72.95,74.17,1784322
2025-09-10,2025-09,CHRT,227.64,225.55,224.33,228.11,955122
2025-09-11,2025-09,BVZ,122.2,121.5,120.22,122.66,1805781
2025-09-11,2025-09,DATA,73.33,74.24,72.34,75.19,3480778
2025-09-11,2025-09,CHRT,225.55,221.77,220.02,225.82,1934933
2025-09-12,2025-09,BVZ,121.5,119.23,117.7,122.65,3206055
2025-09-12,2025-09,DATA,74.24,74.85,73.51,75.7,1633739
2025-09-12,2025-09,CHRT,221.77,218.64,216.47,222.15,4438133
2025-09-15,2025-09,BVZ,119.23,119.68,118.95,119.93,1772055
2025-09-15,2025-09,DATA,74.85,75.37,73.83,75.6,2995241
2025-09-15,2025-09,CHRT,218.64,216.3,213.2,218.98,1413391
2025-09-16,2025-09,BVZ,119.68,122.09,119.3,123.55,2522660
2025-09-16,2025-09,DATA,75.37,74.17,73.87,75.8,1450954
2025-09-16,2025-09,CHRT,216.3,219.92,214.7,221.48,4160337
2025-09-17,2025-09,BVZ,122.09,123.74,120.81,125.21,2812798
2025-09-17,2025-09,DATA,74.17,74.21,73.18,74.33,1373506
2025-09-17,2025-09,CHRT,219.92,220.64,217.44,223.19,2610894
2025-09-18,2025-09,BVZ,123.74,124.84,123.61,125.89,3800103
2025-09-18,2025-09,DATA,74.21,73.33,73.3,75.15,4163943
2025-09-18,2025-09,CHRT,220.64,222.13,218.77,224.4,3584099
2025-09-19,2025-09,BVZ,124.84,125.15,124.5,125.65,2922144
2025-09-19,2025-09,DATA,73.33,74.45,73.33,75.01,1217619
2025-09-19,2025-09,CHRT,222.13,223.37,220.41,224.53,3418355
2025-09-22,2025-09,BVZ,125.15,125.27,124.77,125.99,1139809
2025-09-22,2025-09,DATA,74.45,73.68,73.04,75.27,1557053
2025-09-22,2025-09,CHRT,223.37,219.28,217.05,225.28,3015351
2025-09-23,2025-09,BVZ,125.27,124.41,122.57,125.98,1073276
2025-09-23,2025-09,DATA,73.68,73.59,73.45,74.32,1167602
2025-09-23,2025-09,CHRT,219.28,216.79,213.61,221.98,1579374
2025-09-24,2025-09,BVZ,124.41,126.62,123.71,126.84,1164524
2025-09-24,2025-09,DATA,73.59,74.47,72.5,75.19,2117755
2025-09-24,2025-09,CHRT,216.79,212.77,211.56,217.49,4247376
2025-09-25,2025-09,BVZ,126.62,127.41,125.28,129.14,3760612
2025-09-25,2025-09,DATA,74.47,73.36,72.45,74.86,4671834
2025-09-25,2025-09,CHRT,212.77,213.49,211.29,215.63,2143431
2025-09-26,2025-09,BVZ,127.41,127.6,126.15,129.36,982919
2025-09-26,2025-09,DATA,73.36,72.62,71.93,73.77,3209241
2025-09-26,2025-09,CHRT,213.49,212.62,211.97,216.65,1070090
2025-09-29,2025-09,BVZ,127.6,126.96,126.11,128.56,2013839
2025-09-29,2025-09,DATA,72.62,72.94,72.11,73.29,1078511
2025-09-29,2025-09,CHRT,212.62,216.8,211.2,217.42,3203609
2025-09-30,2025-09,BVZ,126.96,128.95,126.88,129.3,4351954
2025-09-30,2025-09,DATA,72.94,74.46,72.26,74.47,1985205
2025-09-30,2025-09,CHRT,216.8,218.08,214.96,221.02,3421054
2025-10-01,2025-10,BVZ,128.95,131.53,128.68,133.35,3808904
2025-10-01,2025-10,DATA,74.46,74.8,74.03,75.58,2726822
2025-10-01,2025-10,CHRT,218.08,219.74,216.14,221.76,2766675
2025-10-02,2025-10,BVZ,131.53,133.75,130.75,134.6,1938044
2025-10-02,2025-10,DATA,74.8,74,73.47,75.22,1971534
2025-10-02,2025-10,CHRT,219.74,219.43,218.79,220.16,897023
2025-10-03,2025-10,BVZ,133.75,132.95,131.57,135.27,2038958
2025-10-03,2025-10,DATA,74,73.69,73.2,75.05,2131108
2025-10-03,2025-10,CHRT,219.43,223.16,218.04,225.16,3547937
2025-10-06,2025-10,BVZ,132.95,131.35,130.34,134.55,1934058
2025-10-06,2025-10,DATA,73.69,74.68,72.76,75.57,1816298
2025-10-06,2025-10,CHRT,223.16,223.89,219.92,225.36,2409585
2025-10-07,2025-10,BVZ,131.35,132.03,131.24,132.72,1667642
2025-10-07,2025-10,DATA,74.68,74.55,74.13,74.95,3098563
2025-10-07,2025-10,CHRT,223.89,225.88,222.77,226.23,3597649
2025-10-08,2025-10,BVZ,132.03,134.75,131.46,136.74,4237940
2025-10-08,2025-10,DATA,74.55,73.66,72.92,74.7,1925865
2025-10-08,2025-10,CHRT,225.88,221.32,221.02,228.39,2615482
2025-10-09,2025-10,BVZ,134.75,136.77,133.7,137.12,3503498
2025-10-09,2025-10,DATA,73.66,73.12,72.63,74.69,3701315
2025-10-09,2025-10,CHRT,221.32,223.82,218.7,224.24,851712
2025-10-10,2025-10,BVZ,136.77,138.99,136.71,139.3,3665398
2025-10-10,2025-10,DATA,73.12,72.39,71.39,73.73,1073718
2025-10-10,2025-10,CHRT,223.82,223.44,222.41,226.12,2994666
2025-10-13,2025-10,BVZ,138.99,139.13,138.8,139.31,1980613
2025-10-13,2025-10,DATA,72.39,73.26,71.78,73.98,4021290
2025-10-13,2025-10,CHRT,223.44,221.23,219.8,225.64,1695599
2025-10-14,2025-10,BVZ,139.13,140.44,137.94,141.91,3548325
2025-10-14,2025-10,DATA,73.26,73.8,73.22,74.29,3630926
2025-10-14,2025-10,CHRT,221.23,218.47,215.64,222.13,885093
2025-10-15,2025-10,BVZ,140.44,138.32,138.15,142.49,2562327
2025-10-15,2025-10,DATA,73.8,74.82,72.76,74.83,1464105
2025-10-15,2025-10,CHRT,218.47,221.56,217.92,223.88,1577396
2025-10-16,2025-10,BVZ,138.32,140.29,138.05,142.38,1296924
2025-10-16,2025-10,DATA,74.82,75.08,73.97,76.11,1465274
2025-10-16,2025-10,CHRT,221.56,223.44,218.31,226.03,2548867
2025-10-17,2025-10,BVZ,140.29,143.14,139.4,143.41,917135
2025-10-17,2025-10,DATA,75.08,75.62,74.38,76.12,1558173
2025-10-17,2025-10,CHRT,223.44,220.88,219.72,223.67,3690788
2025-10-20,2025-10,BVZ,143.14,143.7,143.01,143.97,1515622
2025-10-20,2025-10,DATA,75.62,76.37,75.17,76.67,862422
2025-10-20,2025-10,CHRT,220.88,221.09,217.69,222.33,2519061
2025-10-21,2025-10,BVZ,143.7,142.72,142.05,145.66,1689581
2025-10-21,2025-10,DATA,76.37,76.52,76.03,77.25,1693336
2025-10-21,2025-10,CHRT,221.09,225.42,219.6,227.31,3875432
2025-10-22,2025-10,BVZ,142.72,143.33,141.6,145.29,2048403
2025-10-22,2025-10,DATA,76.52,75.31,74.2,77.59,3949254
2025-10-22,2025-10,CHRT,225.42,226.66,223.57,227.8,2118618
2025-10-23,2025-10,BVZ,143.33,145.49,142.22,146.6,2640355
2025-10-23,2025-10,DATA,75.31,75.03,73.92,76.39,2564234
2025-10-23,2025-10,CHRT,226.66,223.55,221.16,229.25,3671830
2025-10-24,2025-10,BVZ,145.49,143.38,141.84,146.25,3126979
2025-10-24,2025-10,DATA,75.03,75.92,74.13,75.93,875811
2025-10-24,2025-10,CHRT,223.55,225.06,221.34,226.3,3365928
2025-10-27,2025-10,BVZ,143.38,144.85,141.35,146.96,2910918
2025-10-27,2025-10,DATA,75.92,75.69,75.68,76.13,3530407
2025-10-27,2025-10,CHRT,225.06,223.76,222.35,228.04,834073
2025-10-28,2025-10,BVZ,144.85,142.74,140.69,146.68,944200
2025-10-28,2025-10,DATA,75.69,75.99,75.1,76.95,3200113
2025-10-28,2025-10,CHRT,223.76,220.98,219.97,226.38,3519963
2025-10-29,2025-10,BVZ,142.74,141.21,141.2,143.57,3045287
2025-10-29,2025-10,DATA,75.99,76.2,75.13,76.8,2162798
2025-10-29,2025-10,CHRT,220.98,224,218.59,226.38,2382327
2025-10-30,2025-10,BVZ,141.21,138.57,138.12,142.04,5051132
2025-10-30,2025-10,DATA,76.2,77.04,75.77,77.89,1654804
2025-10-30,2025-10,CHRT,224,227.75,222.42,230.16,4641795
2025-10-31,2025-10,BVZ,138.57,136.25,135.33,140.15,4319709
2025-10-31,2025-10,DATA,77.04,78.18,76.33,79.16,4621534
2025-10-31,2025-10,CHRT,227.75,229.17,226.44,229.92,827384
2025-11-03,2025-11,BVZ,136.25,134.63,133.74,137.04,3890809
2025-11-03,2025-11,DATA,78.18,77.11,76.92,79.27,2389670
2025-11-03,2025-11,CHRT,229.17,225.65,225.58,231.04,1515187
2025-11-04,2025-11,BVZ,134.63,135.35,134.46,136.47,2199217
2025-11-04,2025-11,DATA,77.11,76.9,75.98,77.19,2212972
2025-11-04,2025-11,CHRT,225.65,229.34,223.73,229.63,4018889
2025-11-05,2025-11,BVZ,135.35,133.13,131.84,137.2,881784
2025-11-05,2025-11,DATA,76.9,75.75,74.9,77.78,3986745
2025-11-05,2025-11,CHRT,229.34,224.76,222.11,230.06,2406639
2025-11-06,2025-11,BVZ,133.13,132.14,131.92,134.21,4037557
2025-11-06,2025-11,DATA,75.75,75.98,74.84,76.04,2250714
2025-11-06,2025-11,CHRT,224.76,226.85,224,227.78,1789648
2025-11-07,2025-11,BVZ,132.14,133.53,131.04,133.83,2909806
2025-11-07,2025-11,DATA,75.98,75.81,75.71,76.97,1071703
2025-11-07,2025-11,CHRT,226.85,229.69,224.25,231.97,1604139
2025-11-10,2025-11,BVZ,133.53,132.44,131.81,133.81,1999707
2025-11-10,2025-11,DATA,75.81,76.81,75.62,77.06,2348916
2025-11-10,2025-11,CHRT,229.69,232.05,229.12,234.57,3836751
2025-11-11,2025-11,BVZ,132.44,134.96,130.52,136.59,4568255
2025-11-11,2025-11,DATA,76.81,76.25,76.2,76.86,3381725
2025-11-11,2025-11,CHRT,232.05,233.71,231.09,234.98,3845664
2025-11-12,2025-11,BVZ,134.96,133.46,132.7,135.27,1286779
2025-11-12,2025-11,DATA,76.25,75.17,74.57,77.04,3278401
2025-11-12,2025-11,CHRT,233.71,236.23,231.19,239.4,2238968
2025-11-13,2025-11,BVZ,133.46,134.87,132.02,135.75,2634690
2025-11-13,2025-11,DATA,75.17,74.08,73.49,76.1,874384
2025-11-13,2025-11,CHRT,236.23,240.73,233.97,243.24,3500612
2025-11-14,2025-11,BVZ,134.87,137.17,133.23,137.66,4049061
2025-11-14,2025-11,DATA,74.08,74.53,73.49,75.61,3653088
2025-11-14,2025-11,CHRT,240.73,244.2,240.16,245.55,3343465
2025-11-17,2025-11,BVZ,137.17,139.14,136.58,139.21,1099852
2025-11-17,2025-11,DATA,74.53,73.69,73.6,75.12,1025942
2025-11-17,2025-11,CHRT,244.2,240.07,239.68,246.26,4372284
2025-11-18,2025-11,BVZ,139.14,138.28,136.84,140.24,3506235
2025-11-18,2025-11,DATA,73.69,74.78,72.63,75.06,2817658
2025-11-18,2025-11,CHRT,240.07,240.16,239.26,242.93,3035345
2025-11-19,2025-11,BVZ,138.28,140.45,138.26,142.06,4111385
2025-11-19,2025-11,DATA,74.78,74.47,73.88,75.68,1901465
2025-11-19,2025-11,CHRT,240.16,237.96,235.56,240.43,1045540
2025-11-20,2025-11,BVZ,140.45,140.73,138.71,141.67,2019262
2025-11-20,2025-11,DATA,74.47,74.9,73.88,75.54,1861013
2025-11-20,2025-11,CHRT,237.96,234.34,232.77,241.39,1199965
2025-11-21,2025-11,BVZ,140.73,139.53,139.36,142.12,2850884
2025-11-21,2025-11,DATA,74.9,74.7,74.56,75.62,1004827
2025-11-21,2025-11,CHRT,234.34,237.15,233.64,238.61,2375094
2025-11-24,2025-11,BVZ,139.53,139.74,138.08,140.31,1551997
2025-11-24,2025-11,DATA,74.7,73.38,72.75,75.52,1873409
2025-11-24,2025-11,CHRT,237.15,240.4,235.96,242.64,2302067
2025-11-25,2025-11,BVZ,139.74,139.43,137.55,140.81,3370029
2025-11-25,2025-11,DATA,73.38,72.71,71.88,74.35,3933147
2025-11-25,2025-11,CHRT,240.4,238.58,236.64,243.69,3104150
2025-11-26,2025-11,BVZ,139.43,140.76,137.39,142.71,2976071
2025-11-26,2025-11,DATA,72.71,74.09,72.42,74.76,1342494
2025-11-26,2025-11,CHRT,238.58,236.11,232.81,240.03,2005637
2025-11-27,2025-11,BVZ,140.76,142.99,140.09,143.52,2423008
2025-11-27,2025-11,DATA,74.09,73.84,73.56,74.31,2639551
2025-11-27,2025-11,CHRT,236.11,234.38,233.73,238.56,3690910
2025-11-28,2025-11,BVZ,142.99,144.53,141.21,144.94,4117559
2025-11-28,2025-11,DATA,73.84,74.38,73.72,74.7,2769878
2025-11-28,2025-11,CHRT,234.38,236.45,232.41,239.95,1158654
2025-12-01,2025-12,BVZ,144.53,146.12,143.87,148.19,1698715
2025-12-01,2025-12,DATA,74.38,74.05,73.9,74.62,868305
2025-12-01,2025-12,CHRT,236.45,237.12,236.22,239.09,3570954
2025-12-02,2025-12,BVZ,146.12,146.59,144.95,147.37,1151079
2025-12-02,2025-12,DATA,74.05,74.62,73.63,75.62,895516
2025-12-02,2025-12,CHRT,237.12,239.29,233.99,239.58,3402860
2025-12-03,2025-12,BVZ,146.59,148.25,145.56,149,4304131
2025-12-03,2025-12,DATA,74.62,74.1,73.42,74.98,3652785
2025-12-03,2025-12,CHRT,239.29,240.96,236.99,241.72,2206884
2025-12-04,2025-12,BVZ,148.25,150.66,147.6,152.92,1262154
2025-12-04,2025-12,DATA,74.1,74.34,73.75,74.53,1354946
2025-12-04,2025-12,CHRT,240.96,237.23,235.94,243.99,2003431
2025-12-05,2025-12,BVZ,150.66,152.28,148.52,154.53,3780340
2025-12-05,2025-12,DATA,74.34,74.74,73.93,75.34,2853367
2025-12-05,2025-12,CHRT,237.23,233.05,231.36,239.17,890501
2025-12-08,2025-12,BVZ,152.28,153.87,150.62,154.28,1701240
2025-12-08,2025-12,DATA,74.74,76.16,74.39,76.35,2344082
2025-12-08,2025-12,CHRT,233.05,234.99,232.23,235.31,3005588
2025-12-09,2025-12,BVZ,153.87,154.63,152.77,155.26,2519386
2025-12-09,2025-12,DATA,76.16,77.05,75.42,77.83,4205423
2025-12-09,2025-12,CHRT,234.99,239.36,234.24,239.98,2166837
2025-12-10,2025-12,BVZ,154.63,153.98,153.31,156.44,1234365
2025-12-10,2025-12,DATA,77.05,78.19,76.61,79.32,2180471
2025-12-10,2025-12,CHRT,239.36,239.44,238.04,240.4,1753496
2025-12-11,2025-12,BVZ,153.98,153.69,153.11,154.12,3351858
2025-12-11,2025-12,DATA,78.19,78.36,77.51,78.37,2590812
2025-12-11,2025-12,CHRT,239.44,241.74,238.62,242.77,1951089
2025-12-12,2025-12,BVZ,153.69,151.07,148.99,155.52,2419937
2025-12-12,2025-12,DATA,78.36,79.71,78.3,80.38,3219309
2025-12-12,2025-12,CHRT,241.74,246.14,238.55,247.67,1506036
2025-12-15,2025-12,BVZ,151.07,153.48,149.91,153.86,3879094
2025-12-15,2025-12,DATA,79.71,80.5,79.54,81.58,1978947
2025-12-15,2025-12,CHRT,246.14,250.03,245.63,250.41,3654017
2025-12-16,2025-12,BVZ,153.48,153.15,152.22,155.07,3406070
2025-12-16,2025-12,DATA,80.5,80.89,79.82,81.56,1072556
2025-12-16,2025-12,CHRT,250.03,250.48,249.68,254.07,927049
2025-12-17,2025-12,BVZ,153.15,150.5,149.5,155.42,4858741
2025-12-17,2025-12,DATA,80.89,80.08,79.58,81.86,877208
2025-12-17,2025-12,CHRT,250.48,247.25,247,250.82,2151771
2025-12-18,2025-12,BVZ,150.5,150.62,148.37,152.5,3018234
2025-12-18,2025-12,DATA,80.08,79.02,78.51,81.15,4453748
2025-12-18,2025-12,CHRT,247.25,248.72,243.7,249.52,1451520
2025-12-19,2025-12,BVZ,150.62,148.63,146.44,150.83,2371728
2025-12-19,2025-12,DATA,79.02,80.21,78.29,81.16,4510638
2025-12-19,2025-12,CHRT,248.72,244.4,241.83,250.44,3892821
2025-12-22,2025-12,BVZ,148.63,148.4,148.14,149.04,1082173
2025-12-22,2025-12,DATA,80.21,80.91,79.59,81.05,1940666
2025-12-22,2025-12,CHRT,244.4,245.54,242.73,245.72,3053721
2025-12-23,2025-12,BVZ,148.4,149.16,146.28,150.74,2794996
2025-12-23,2025-12,DATA,80.91,81.09,80.43,81.26,3075803
2025-12-23,2025-12,CHRT,245.54,240.87,237.95,246.4,1373548
2025-12-24,2025-12,BVZ,149.16,151.14,148.77,151.15,2326572
2025-12-24,2025-12,DATA,81.09,81.12,80.75,81.29,905282
2025-12-24,2025-12,CHRT,240.87,237.22,235.75,241.63,4620221
2025-12-25,2025-12,BVZ,151.14,152.89,150.53,153.63,2770416
2025-12-25,2025-12,DATA,81.12,81.87,80.41,82.63,1150092
2025-12-25,2025-12,CHRT,237.22,238.41,234.37,239.21,1220186
2025-12-26,2025-12,BVZ,152.89,155.03,151.97,157.24,4453607
2025-12-26,2025-12,DATA,81.87,80.56,79.72,82.93,1668825
2025-12-26,2025-12,CHRT,238.41,237.18,236.14,241.94,2862297
2025-12-29,2025-12,BVZ,155.03,157.88,153.03,158.16,2894044
2025-12-29,2025-12,DATA,80.56,81.51,79.8,82.02,2263833
2025-12-29,2025-12,CHRT,237.18,235.16,232.02,237.19,1481155
2025-12-30,2025-12,BVZ,157.88,160.33,157.57,162.38,2474271
2025-12-30,2025-12,DATA,81.51,82.09,80.9,82.96,2696706
2025-12-30,2025-12,CHRT,235.16,232.29,230.32,235.28,2776234
2025-12-31,2025-12,BVZ,160.33,162,157.99,162.84,1728276
2025-12-31,2025-12,DATA,82.09,82.23,81.38,82.48,2896605
2025-12-31,2025-12,CHRT,232.29,227.86,225.82,234.32,3380528
2026-01-01,2026-01,BVZ,162,163.78,161.18,164.04,1587613
2026-01-01,2026-01,DATA,82.23,82.63,81.19,83.13,3287857
2026-01-01,2026-01,CHRT,227.86,223.75,223.53,228.53,1736910
2026-01-02,2026-01,BVZ,163.78,165.42,162.39,166.13,3155304
2026-01-02,2026-01,DATA,82.63,82.7,82.04,83.57,3144322
2026-01-02,2026-01,CHRT,223.75,224.13,221.27,225.23,1915063
2026-01-05,2026-01,BVZ,165.42,165.17,162.98,166.34,1047114
2026-01-05,2026-01,DATA,82.7,82.56,82.35,82.84,1559726
2026-01-05,2026-01,CHRT,224.13,221.87,219.69,225.97,2704851
2026-01-06,2026-01,BVZ,165.17,164.42,161.95,165.86,3159328
2026-01-06,2026-01,DATA,82.56,81.64,81.06,83.47,2784184
2026-01-06,2026-01,CHRT,221.87,219.86,218.12,224.38,1580355
2026-01-07,2026-01,BVZ,164.42,165.43,163.69,167.66,1826824
2026-01-07,2026-01,DATA,81.64,80.44,80.39,82.48,2504432
2026-01-07,2026-01,CHRT,219.86,218.6,216.06,222.89,1487725
2026-01-08,2026-01,BVZ,165.43,165.67,164.43,167.54,3312295
2026-01-08,2026-01,DATA,80.44,79,77.86,81.38,1593091
2026-01-08,2026-01,CHRT,218.6,219.66,217.61,219.73,1433947
2026-01-09,2026-01,BVZ,165.67,167.13,163.89,168.84,3558886
2026-01-09,2026-01,DATA,79,80.21,78.84,80.45,3585620
2026-01-09,2026-01,CHRT,219.66,222.58,218.16,224.77,2819187
2026-01-12,2026-01,BVZ,167.13,169.35,166.67,171.49,2970888
2026-01-12,2026-01,DATA,80.21,80.35,80,80.62,2000843
2026-01-12,2026-01,CHRT,222.58,222.54,221.61,225.17,1898421
2026-01-13,2026-01,BVZ,169.35,168.31,166.98,170.68,2353106
2026-01-13,2026-01,DATA,80.35,81.38,79.63,81.8,3127845
2026-01-13,2026-01,CHRT,222.54,223.34,220.45,223.61,1999903
2026-01-14,2026-01,BVZ,168.31,171.59,166.86,172.16,1566360
2026-01-14,2026-01,DATA,81.38,82.4,80.91,82.5,4039469
2026-01-14,2026-01,CHRT,223.34,221.45,221,226.28,1405062
2026-01-15,2026-01,BVZ,171.59,172.4,169.86,173.42,1996061
2026-01-15,2026-01,DATA,82.4,83.63,81.52,84.7,4498560
2026-01-15,2026-01,CHRT,221.45,220.53,218.91,222.39,1759391
2026-01-16,2026-01,BVZ,172.4,173.67,170.07,175.34,2406478
2026-01-16,2026-01,DATA,83.63,82.24,81.09,84.68,3852085
2026-01-16,2026-01,CHRT,220.53,217.95,216,223.05,1873135
2026-01-19,2026-01,BVZ,173.67,174.85,171.93,174.86,2126982
2026-01-19,2026-01,DATA,82.24,81.98,81.81,82.75,2072778
2026-01-19,2026-01,CHRT,217.95,216.93,214.01,219.07,1978831
2026-01-20,2026-01,BVZ,174.85,176.16,172.82,176.69,3220979
2026-01-20,2026-01,DATA,81.98,81.66,81.64,82.84,2790582
2026-01-20,2026-01,CHRT,216.93,218.88,215.29,219.69,1287304
2026-01-21,2026-01,BVZ,176.16,174.08,171.97,178.51,2470626
2026-01-21,2026-01,DATA,81.66,83.21,80.47,83.71,4489880
2026-01-21,2026-01,CHRT,218.88,221.42,216.41,222.68,3857917
2026-01-22,2026-01,BVZ,174.08,172.01,170.63,174.84,4445529
2026-01-22,2026-01,DATA,83.21,82.12,80.96,83.26,2037295
2026-01-22,2026-01,CHRT,221.42,223.48,218.68,225.16,3741358
2026-01-23,2026-01,BVZ,172.01,169.17,168.25,172.49,2937410
2026-01-23,2026-01,DATA,82.12,83.03,81.43,84.16,2260137
2026-01-23,2026-01,CHRT,223.48,223.43,222.66,225.24,2065583
2026-01-26,2026-01,BVZ,169.17,170.01,167.89,171.76,3762869
2026-01-26,2026-01,DATA,83.03,82.72,81.98,83.1,1633443
2026-01-26,2026-01,CHRT,223.43,222.88,221.01,226.57,1021546
2026-01-27,2026-01,BVZ,170.01,167.84,166.47,170.08,3427790
2026-01-27,2026-01,DATA,82.72,82.19,81.69,82.94,2960325
2026-01-27,2026-01,CHRT,222.88,218.93,217.67,226.06,4050672
2026-01-28,2026-01,BVZ,167.84,164.87,164.64,168.98,4599074
2026-01-28,2026-01,DATA,82.19,83.34,81.77,83.77,3375806
2026-01-28,2026-01,CHRT,218.93,215.01,213.78,219.04,2751686
2026-01-29,2026-01,BVZ,164.87,165.18,162.52,167.53,2625012
2026-01-29,2026-01,DATA,83.34,84.77,82.82,85.45,1361669
2026-01-29,2026-01,CHRT,215.01,216.04,213.88,216.95,2938735
2026-01-30,2026-01,BVZ,165.18,164.39,164.15,167.32,1762214
2026-01-30,2026-01,DATA,84.77,83.59,83.04,85.47,3349089
2026-01-30,2026-01,CHRT,216.04,214.27,211.21,218.45,3877013
2026-02-02,2026-02,BVZ,164.39,167.6,163.23,169.38,1240610
2026-02-02,2026-02,DATA,83.59,84.04,83.56,85.17,1196601
2026-02-02,2026-02,CHRT,214.27,215.46,213.74,215.75,1898339
2026-02-03,2026-02,BVZ,167.6,165.92,163.97,169.42,2653085
2026-02-03,2026-02,DATA,84.04,84.27,83.87,84.59,2904022
2026-02-03,2026-02,CHRT,215.46,211.94,210.27,216.66,4748869
2026-02-04,2026-02,BVZ,165.92,164.38,163.05,165.95,2569444
2026-02-04,2026-02,DATA,84.27,84.69,84.08,85.62,3157302
2026-02-04,2026-02,CHRT,211.94,216.1,209.69,216.16,1649098
2026-02-05,2026-02,BVZ,164.38,161.62,160.34,165.15,3843273
2026-02-05,2026-02,DATA,84.69,83.98,83.89,84.97,1704969
2026-02-05,2026-02,CHRT,216.1,217.74,215.81,220.15,2089573
2026-02-06,2026-02,BVZ,161.62,163.41,161.34,165.64,987179
2026-02-06,2026-02,DATA,83.98,84.46,82.94,84.7,2630685
2026-02-06,2026-02,CHRT,217.74,214.93,212.19,219.42,3054732
2026-02-09,2026-02,BVZ,163.41,162.61,161.3,164.65,3548467
2026-02-09,2026-02,DATA,84.46,86.04,84,86.54,1734635
2026-02-09,2026-02,CHRT,214.93,210.72,209.24,216.85,1807123
2026-02-10,2026-02,BVZ,162.61,164.17,161.4,165.16,3843064
2026-02-10,2026-02,DATA,86.04,85.46,85.13,86.37,2425570
2026-02-10,2026-02,CHRT,210.72,214.2,208.33,214.66,3649375
2026-02-11,2026-02,BVZ,164.17,165.02,163.74,165.27,3230605
2026-02-11,2026-02,DATA,85.46,84.51,84.51,85.61,2783042
2026-02-11,2026-02,CHRT,214.2,213.82,212.63,217.2,2822128
2026-02-12,2026-02,BVZ,165.02,166.36,164.2,166.74,1849522
2026-02-12,2026-02,DATA,84.51,84.19,83.72,85.63,1274823
2026-02-12,2026-02,CHRT,213.82,213.26,212.21,216.67,1371522
2026-02-13,2026-02,BVZ,166.36,167.78,165.62,170.17,3917884
2026-02-13,2026-02,DATA,84.19,83.47,82.63,84.62,1520911
2026-02-13,2026-02,CHRT,213.26,215.32,212.29,218.07,3706944
2026-02-16,2026-02,BVZ,167.78,165.93,165.88,169.19,4068748
2026-02-16,2026-02,DATA,83.47,83.87,82.52,85.02,3144528
2026-02-16,2026-02,CHRT,215.32,211.25,210.63,217.72,1446553
2026-02-17,2026-02,BVZ,165.93,168.85,165.59,171.24,986467
2026-02-17,2026-02,DATA,83.87,84.86,83.56,85.62,3467520
2026-02-17,2026-02,CHRT,211.25,213.47,210.91,216.57,1669122
2026-02-18,2026-02,BVZ,168.85,171.1,168.11,171.3,1283524
2026-02-18,2026-02,DATA,84.86,84.15,84.14,85.06,3593844
2026-02-18,2026-02,CHRT,213.47,216.39,213.12,217.99,3960351
2026-02-19,2026-02,BVZ,171.1,173.65,169.62,174.87,2896002
2026-02-19,2026-02,DATA,84.15,83,82.78,84.83,4499258
2026-02-19,2026-02,CHRT,216.39,218.51,216.37,219,1897207
2026-02-20,2026-02,BVZ,173.65,171.69,170.53,175.29,1372866
2026-02-20,2026-02,DATA,83,83.44,82.91,84.17,1527881
2026-02-20,2026-02,CHRT,218.51,218.01,217.71,221.06,2197877
2026-02-23,2026-02,BVZ,171.69,172.66,170.33,174.31,3497081
2026-02-23,2026-02,DATA,83.44,84.32,83.07,84.78,2327091
2026-02-23,2026-02,CHRT,218.01,220.83,217.39,221.88,1921587
2026-02-24,2026-02,BVZ,172.66,169.43,167.92,174.52,1802190
2026-02-24,2026-02,DATA,84.32,85.42,83.7,85.61,3330229
2026-02-24,2026-02,CHRT,220.83,216.97,213.95,224.06,3470915
2026-02-25,2026-02,BVZ,169.43,170.95,168.84,173.13,1709968
2026-02-25,2026-02,DATA,85.42,85.27,84.8,86.53,1009277
2026-02-25,2026-02,CHRT,216.97,215.85,212.93,217.18,2282128
2026-02-26,2026-02,BVZ,170.95,167.74,167.18,171.7,2524186
2026-02-26,2026-02,DATA,85.27,86.56,84.65,87.31,4345008
2026-02-26,2026-02,CHRT,215.85,215.28,214.82,216.34,3246603
2026-02-27,2026-02,BVZ,167.74,171.11,166.62,173.26,2140526
2026-02-27,2026-02,DATA,86.56,85.92,85.35,87.12,2895319
2026-02-27,2026-02,CHRT,215.28,217.03,214.72,219.95,3729304
2026-03-02,2026-03,BVZ,171.11,168.68,168.67,171.18,4561698
2026-03-02,2026-03,DATA,85.92,87.58,84.74,87.72,5008123
2026-03-02,2026-03,CHRT,217.03,219.72,216.32,220.06,2675522
2026-03-03,2026-03,BVZ,168.68,171.7,166.61,171.95,2919835
2026-03-03,2026-03,DATA,87.58,87.66,87.33,87.72,2235243
2026-03-03,2026-03,CHRT,219.72,221.46,218.78,222.61,2732337
2026-03-04,2026-03,BVZ,171.7,171.31,169.27,171.88,3396622
2026-03-04,2026-03,DATA,87.66,88.19,86.63,88.53,1151703
2026-03-04,2026-03,CHRT,221.46,218.03,217.16,222.58,4122206
2026-03-05,2026-03,BVZ,171.31,171.93,168.92,173.28,1747252
2026-03-05,2026-03,DATA,88.19,87.37,87.28,88.45,3823396
2026-03-05,2026-03,CHRT,218.03,219.03,216.83,222.13,1352189
2026-03-06,2026-03,BVZ,171.93,172.81,171.53,175.26,2806038
2026-03-06,2026-03,DATA,87.37,88.22,87.13,89.03,3513728
2026-03-06,2026-03,CHRT,219.03,221.13,217.28,222.51,3847951
2026-03-09,2026-03,BVZ,172.81,171.67,170.82,175.31,2578984
2026-03-09,2026-03,DATA,88.22,87.7,87.2,88.35,2630226
2026-03-09,2026-03,CHRT,221.13,223.99,218.07,227.34,4474216
2026-03-10,2026-03,BVZ,171.67,169.14,168.33,173.87,2838246
2026-03-10,2026-03,DATA,87.7,87.03,85.77,88.23,2376489
2026-03-10,2026-03,CHRT,223.99,225.75,222.85,227.81,3017589
2026-03-11,2026-03,BVZ,169.14,166.56,165.56,169.43,2816605
2026-03-11,2026-03,DATA,87.03,85.94,85.85,87.66,1381124
2026-03-11,2026-03,CHRT,225.75,230.12,225.7,230.29,1999110
2026-03-12,2026-03,BVZ,166.56,169.11,165.17,170.39,2891522
2026-03-12,2026-03,DATA,85.94,86.26,85.48,87.26,2564610
2026-03-12,2026-03,CHRT,230.12,225.69,223.83,230.77,4593385
2026-03-13,2026-03,BVZ,169.11,167.88,166.61,170.8,1905441
2026-03-13,2026-03,DATA,86.26,86.2,85.97,86.33,2624629
2026-03-13,2026-03,CHRT,225.69,226.74,224.13,228.96,1420195
2026-03-16,2026-03,BVZ,167.88,169.36,166.78,171.6,1973895
2026-03-16,2026-03,DATA,86.2,87.76,84.94,88.77,1087534
2026-03-16,2026-03,CHRT,226.74,229.77,224.53,229.94,3764070
2026-03-17,2026-03,BVZ,169.36,171.85,167.03,173,4491625
2026-03-17,2026-03,DATA,87.76,86.99,86.15,88.72,3885947
2026-03-17,2026-03,CHRT,229.77,230.28,229.08,232.16,2141865
2026-03-18,2026-03,BVZ,171.85,175.27,170.04,177.2,5024950
2026-03-18,2026-03,DATA,86.99,88.38,86.15,88.79,1672082
2026-03-18,2026-03,CHRT,230.28,226.01,223.24,231.48,3770687
2026-03-19,2026-03,BVZ,175.27,174.26,172.45,175.29,1601510
2026-03-19,2026-03,DATA,88.38,87.46,87.44,89.03,1693661
2026-03-19,2026-03,CHRT,226.01,221.58,219.94,228.49,834053
2026-03-20,2026-03,BVZ,174.26,171.81,170.63,174.9,4297397
2026-03-20,2026-03,DATA,87.46,85.83,85,88.18,1501769
2026-03-20,2026-03,CHRT,221.58,223.11,220.36,226.26,1408026
2026-03-23,2026-03,BVZ,171.81,168.94,168.44,171.9,3048179
2026-03-23,2026-03,DATA,85.83,85.59,84.66,86.39,2198438
2026-03-23,2026-03,CHRT,223.11,224.2,221.12,225,1529618
2026-03-24,2026-03,BVZ,168.94,165.9,164.15,169.92,1136922
2026-03-24,2026-03,DATA,85.59,85.79,84.98,87.01,1480418
2026-03-24,2026-03,CHRT,224.2,221.78,219.09,226.53,3026259
2026-03-25,2026-03,BVZ,165.9,168.31,165.38,170.2,2761007
2026-03-25,2026-03,DATA,85.79,86.58,85.79,87.43,2150282
2026-03-25,2026-03,CHRT,221.78,222.97,221.13,224.65,1329040
2026-03-26,2026-03,BVZ,168.31,166.99,164.86,169.51,2708966
2026-03-26,2026-03,DATA,86.58,84.96,84.48,87.86,4705062
2026-03-26,2026-03,CHRT,222.97,224.29,220.09,225.01,2699358
2026-03-27,2026-03,BVZ,166.99,169.39,165.41,170.84,3682518
2026-03-27,2026-03,DATA,84.96,84.95,83.74,85.11,1728364
2026-03-27,2026-03,CHRT,224.29,221.77,219.46,226.22,3152161
2026-03-30,2026-03,BVZ,169.39,167.66,165.63,169.98,4237902
2026-03-30,2026-03,DATA,84.95,84.15,83.39,85.2,2624439
2026-03-30,2026-03,CHRT,221.77,218.97,216.38,223.54,988874
2026-03-31,2026-03,BVZ,167.66,165.07,164.45,169.9,1804241
2026-03-31,2026-03,DATA,84.15,83.64,82.42,85.31,2761008
2026-03-31,2026-03,CHRT,218.97,222.32,216.82,224.3,1330687
2026-04-01,2026-04,BVZ,165.07,162.02,159.76,165.73,3081974
2026-04-01,2026-04,DATA,83.64,83.91,82.45,84.95,2809989
2026-04-01,2026-04,CHRT,222.32,224.77,221.13,225.45,3573404
2026-04-02,2026-04,BVZ,162.02,160.09,158.51,163,2484859
2026-04-02,2026-04,DATA,83.91,84.38,83.37,84.8,1753530
2026-04-02,2026-04,CHRT,224.77,227.19,222.62,229.18,2854215
2026-04-03,2026-04,BVZ,160.09,162.57,159.97,164.29,2063593
2026-04-03,2026-04,DATA,84.38,84.85,83.42,84.93,2726979
2026-04-03,2026-04,CHRT,227.19,227.82,223.94,230.12,3485803
2026-04-06,2026-04,BVZ,162.57,161.19,158.82,162.76,2025852
2026-04-06,2026-04,DATA,84.85,85.23,84.51,85.33,3443052
2026-04-06,2026-04,CHRT,227.82,228.09,227.61,229.72,3192857
2026-04-07,2026-04,BVZ,161.19,159.74,159.7,162.43,2697865
2026-04-07,2026-04,DATA,85.23,84.22,83.77,85.68,2416718
2026-04-07,2026-04,CHRT,228.09,229.24,225.85,230.46,3340222
2026-04-08,2026-04,BVZ,159.74,161.6,159.49,163.14,3431619
2026-04-08,2026-04,DATA,84.22,84.12,83.88,85.13,2139895
2026-04-08,2026-04,CHRT,229.24,228.7,228.06,231.62,2264159
2026-04-09,2026-04,BVZ,161.6,160.74,158.99,161.74,2918018
2026-04-09,2026-04,DATA,84.12,83.6,83.56,85.06,2025276
2026-04-09,2026-04,CHRT,228.7,229.93,228.51,230.41,1093847
2026-04-10,2026-04,BVZ,160.74,157.94,156.85,161.23,1787009
2026-04-10,2026-04,DATA,83.6,83.09,82.68,84.25,3649414
2026-04-10,2026-04,CHRT,229.93,229.14,227.1,230.39,3497805
2026-04-13,2026-04,BVZ,157.94,161.04,156.87,162.37,4425212
2026-04-13,2026-04,DATA,83.09,82.48,81.9,83.78,2639354
2026-04-13,2026-04,CHRT,229.14,227.46,226.75,230.8,1172062
2026-04-14,2026-04,BVZ,161.04,161.91,160.75,163.5,3512080
2026-04-14,2026-04,DATA,82.48,81.97,81.72,82.8,2775022
2026-04-14,2026-04,CHRT,227.46,228.12,225.17,228.15,1469773
2026-04-15,2026-04,BVZ,161.91,160.5,160.03,164.24,3945710
2026-04-15,2026-04,DATA,81.97,81.6,81.46,82.3,1432533
2026-04-15,2026-04,CHRT,228.12,227.72,225.24,230.78,2850000
2026-04-16,2026-04,BVZ,160.5,159.26,159,161.04,1099064
2026-04-16,2026-04,DATA,81.6,82.27,80.66,82.87,2672369
2026-04-16,2026-04,CHRT,227.72,232.15,225.62,233.35,3741909
2026-04-17,2026-04,BVZ,159.26,158.7,157.27,160.31,1255056
2026-04-17,2026-04,DATA,82.27,83.78,81.81,84.99,4990165
2026-04-17,2026-04,CHRT,232.15,235.59,230.24,236.34,2086247
2026-04-20,2026-04,BVZ,158.7,157.89,157.39,159.96,961671
2026-04-20,2026-04,DATA,83.78,83.44,82.63,85.03,3240665
2026-04-20,2026-04,CHRT,235.59,239.57,233.46,240.84,1185597
2026-04-21,2026-04,BVZ,157.89,155.8,153.56,158.15,1154082
2026-04-21,2026-04,DATA,83.44,82.66,82.36,83.58,3959339
2026-04-21,2026-04,CHRT,239.57,238.02,236.09,241.48,3685296
2026-04-22,2026-04,BVZ,155.8,156.97,155.14,159.22,2444379
2026-04-22,2026-04,DATA,82.66,82.46,81.36,83.61,1010389
2026-04-22,2026-04,CHRT,238.02,239.62,235.39,242.45,1248016
2026-04-23,2026-04,BVZ,156.97,155.69,155.24,158.67,4114234
2026-04-23,2026-04,DATA,82.46,83.2,81.56,84.17,932809
2026-04-23,2026-04,CHRT,239.62,242.79,239.59,244.64,3931207
2026-04-24,2026-04,BVZ,155.69,158.9,153.99,159.56,4317041
2026-04-24,2026-04,DATA,83.2,84.85,81.98,85.65,4485194
2026-04-24,2026-04,CHRT,242.79,247.52,241.4,248.61,2643073
2026-04-27,2026-04,BVZ,158.9,160.35,157.88,160.7,1371103
2026-04-27,2026-04,DATA,84.85,84.84,84.31,85.52,1720756
2026-04-27,2026-04,CHRT,247.52,246.22,243.22,250.56,2362772
2026-04-28,2026-04,BVZ,160.35,163.1,159.81,163.7,3202905
2026-04-28,2026-04,DATA,84.84,85.96,84.74,86.61,1421862
2026-04-28,2026-04,CHRT,246.22,250.55,244.35,252.3,1369961
2026-04-29,2026-04,BVZ,163.1,160.17,159.91,163.39,1000312
2026-04-29,2026-04,DATA,85.96,87.13,85.77,88.32,4604284
2026-04-29,2026-04,CHRT,250.55,248.83,247.75,253.49,2548682
2026-04-30,2026-04,BVZ,160.17,159.29,157.92,161.53,1754476
2026-04-30,2026-04,DATA,87.13,85.81,85.24,87.97,1517023
2026-04-30,2026-04,CHRT,248.83,248.38,245.17,249.62,2731854
2026-05-01,2026-05,BVZ,159.29,158.79,158.74,160.26,2193148
2026-05-01,2026-05,DATA,85.81,84.93,84.34,86.09,1667393
2026-05-01,2026-05,CHRT,248.38,249.67,247.88,250.78,1851794
2026-05-04,2026-05,BVZ,158.79,158.36,157.04,159.67,2077045
2026-05-04,2026-05,DATA,84.93,85.62,84.7,86.68,1225694
2026-05-04,2026-05,CHRT,249.67,254.16,248.82,256.74,1813646
2026-05-05,2026-05,BVZ,158.36,161.17,158.2,163.02,2109739
2026-05-05,2026-05,DATA,85.62,84.09,83.24,86.04,4326743
2026-05-05,2026-05,CHRT,254.16,251.62,249.19,255.64,2206638
2026-05-06,2026-05,BVZ,161.17,163.83,159.31,165.43,1277568
2026-05-06,2026-05,DATA,84.09,83.56,82.42,84.14,950210
2026-05-06,2026-05,CHRT,251.62,250.85,247.47,252.46,2825769
2026-05-07,2026-05,BVZ,163.83,161.22,159.99,166.24,3399703
2026-05-07,2026-05,DATA,83.56,82.1,81.16,84.48,3897465
2026-05-07,2026-05,CHRT,250.85,247.57,245.46,253.8,2509234
2026-05-08,2026-05,BVZ,161.22,159.07,158.53,161.6,1981714
2026-05-08,2026-05,DATA,82.1,82.6,81.99,82.99,879016
2026-05-08,2026-05,CHRT,247.57,249.75,245.47,250.33,870972
2026-05-11,2026-05,BVZ,159.07,156.35,154.44,159.23,4647362
2026-05-11,2026-05,DATA,82.6,83.58,81.61,83.8,3382652
2026-05-11,2026-05,CHRT,249.75,253.35,248.91,254.67,960898
2026-05-12,2026-05,BVZ,156.35,158.48,154.49,158.57,2829477
2026-05-12,2026-05,DATA,83.58,84.1,83.3,85.26,1142315
2026-05-12,2026-05,CHRT,253.35,249.04,245.44,254.58,1445985
2026-05-13,2026-05,BVZ,158.48,160.61,157.47,162.06,1258087
2026-05-13,2026-05,DATA,84.1,82.97,81.73,85.2,4369370
2026-05-13,2026-05,CHRT,249.04,248.11,245.95,250.85,3574767
2026-05-14,2026-05,BVZ,160.61,163.41,158.29,165.49,814799
2026-05-14,2026-05,DATA,82.97,84.67,82.25,85.77,4436842
2026-05-14,2026-05,CHRT,248.11,252.38,246.3,253.08,3280689
2026-05-15,2026-05,BVZ,163.41,163.66,162.43,165.05,2958444
2026-05-15,2026-05,DATA,84.67,86.24,83.47,86.83,3988895
2026-05-15,2026-05,CHRT,252.38,248.27,247.92,254.88,1470835
2026-05-18,2026-05,BVZ,163.66,165.44,162.27,167.14,4371970
2026-05-18,2026-05,DATA,86.24,85.84,85.03,86.62,1801802
2026-05-18,2026-05,CHRT,248.27,247.77,245.51,251.34,2899203
2026-05-19,2026-05,BVZ,165.44,168.55,165.12,169.1,1742249
2026-05-19,2026-05,DATA,85.84,86.77,85.56,86.99,3079093
2026-05-19,2026-05,CHRT,247.77,243.9,241.72,250.88,3108828
2026-05-20,2026-05,BVZ,168.55,168.49,165.97,169.01,3225688
2026-05-20,2026-05,DATA,86.77,87.04,85.65,88.15,1523664
2026-05-20,2026-05,CHRT,243.9,246.32,242.99,249.27,1828190
2026-05-21,2026-05,BVZ,168.49,167.25,166.13,169.97,2881003
2026-05-21,2026-05,DATA,87.04,87.34,86.87,87.53,2782685
2026-05-21,2026-05,CHRT,246.32,250.75,243.14,253.09,3885740
2026-05-22,2026-05,BVZ,167.25,166.22,163.75,169.07,3716258
2026-05-22,2026-05,DATA,87.34,87.25,87.19,87.94,3189181
2026-05-22,2026-05,CHRT,250.75,246.55,244.61,254.51,1514573
2026-05-25,2026-05,BVZ,166.22,165.01,163.05,167.89,2764876
2026-05-25,2026-05,DATA,87.25,88.96,87.22,89.43,1476239
2026-05-25,2026-05,CHRT,246.55,251.09,243.16,254.23,1478439
2026-05-26,2026-05,BVZ,165.01,166.56,164.82,167.99,4133893
2026-05-26,2026-05,DATA,88.96,89.8,88.14,91.01,3732661
2026-05-26,2026-05,CHRT,251.09,249.22,246.87,252.13,3470072
2026-05-27,2026-05,BVZ,166.56,169.06,164.53,171.42,1982789
2026-05-27,2026-05,DATA,89.8,90.82,89.52,91.27,1892524
2026-05-27,2026-05,CHRT,249.22,244.79,243.53,250.25,4590798
2026-05-28,2026-05,BVZ,169.06,168.21,166.35,170.39,2626312
2026-05-28,2026-05,DATA,90.82,91.29,89.8,92.26,2289600
2026-05-28,2026-05,CHRT,244.79,247.73,243.99,250.83,4028507
2026-05-29,2026-05,BVZ,168.21,167.53,166.99,168.4,1343437
2026-05-29,2026-05,DATA,91.29,90.99,89.84,92.21,868594
2026-05-29,2026-05,CHRT,247.73,243.12,240.38,251.32,931730
2026-06-01,2026-06,BVZ,167.53,167.89,166.53,169.72,2529174
2026-06-01,2026-06,DATA,90.99,91.57,90.87,92.41,2180571
2026-06-01,2026-06,CHRT,243.12,240.41,238.2,243.82,1465492
2026-06-02,2026-06,BVZ,167.89,165.75,165.12,167.9,3112141
2026-06-02,2026-06,DATA,91.57,91.78,91.55,91.96,867873
2026-06-02,2026-06,CHRT,240.41,242.36,237.11,245.78,3051460
2026-06-03,2026-06,BVZ,165.75,163.34,161.11,165.8,2352346
2026-06-03,2026-06,DATA,91.78,91.62,90.46,92.22,1838844
2026-06-03,2026-06,CHRT,242.36,244.92,242.1,247.52,3902632
2026-06-04,2026-06,BVZ,163.34,162.23,160.12,163.62,1409890
2026-06-04,2026-06,DATA,91.62,92.61,90.73,93.69,1474058
2026-06-04,2026-06,CHRT,244.92,244.48,244.4,245.03,1833463
2026-06-05,2026-06,BVZ,162.23,161.81,160.6,162.8,3304029
2026-06-05,2026-06,DATA,92.61,94.39,92.17,95.42,3436623
2026-06-05,2026-06,CHRT,244.48,247.46,242.58,250.12,3061720
2026-06-08,2026-06,BVZ,161.81,163.24,161.78,164.96,3879750
2026-06-08,2026-06,DATA,94.39,93.94,93.36,94.71,2166311
2026-06-08,2026-06,CHRT,247.46,251.66,246.35,253.09,2536302
2026-06-09,2026-06,BVZ,163.24,161.85,161.16,165.26,3931367
2026-06-09,2026-06,DATA,93.94,93.29,92.98,94.96,1087891
2026-06-09,2026-06,CHRT,251.66,256.58,247.98,258.61,1651131
2026-06-10,2026-06,BVZ,161.85,164.04,160.79,166.35,977427
2026-06-10,2026-06,DATA,93.29,92.98,92.89,93.95,2484458
2026-06-10,2026-06,CHRT,256.58,257.48,254.71,258.47,912834
2026-06-11,2026-06,BVZ,164.04,165.89,161.98,167.72,1665088
2026-06-11,2026-06,DATA,92.98,93.52,92.34,94.31,918080
2026-06-11,2026-06,CHRT,257.48,261.89,255.01,262.22,1336327
2026-06-12,2026-06,BVZ,165.89,165.61,164.87,166.85,1028466
2026-06-12,2026-06,DATA,93.52,93.63,92.66,94.24,1266992
2026-06-12,2026-06,CHRT,261.89,264.18,261.54,267.44,2195194
2026-06-15,2026-06,BVZ,165.61,167.63,165.44,168.55,2492003
2026-06-15,2026-06,DATA,93.63,93.07,91.93,94.62,835035
2026-06-15,2026-06,CHRT,264.18,262.38,261.71,265.15,2589428
2026-06-16,2026-06,BVZ,167.63,170.34,166.44,172.84,2580249
2026-06-16,2026-06,DATA,93.07,91.59,91.24,94.38,3820983
2026-06-16,2026-06,CHRT,262.38,260.16,257.8,263.6,804897
2026-06-17,2026-06,BVZ,170.34,168.26,168.02,172.83,1419987
2026-06-17,2026-06,DATA,91.59,92.23,91.16,92.66,3817412
2026-06-17,2026-06,CHRT,260.16,261.61,258.4,263.28,1561256
2026-06-18,2026-06,BVZ,168.26,168.34,166.45,170.86,1387048
2026-06-18,2026-06,DATA,92.23,91.47,90.39,93.1,1451166
2026-06-18,2026-06,CHRT,261.61,258.56,257.79,264.5,2713880
2026-06-19,2026-06,BVZ,168.34,171.51,168.07,171.97,4265924
2026-06-19,2026-06,DATA,91.47,91.83,91.31,92.31,2178119
2026-06-19,2026-06,CHRT,258.56,261.19,257.48,261.46,2011198
2026-06-22,2026-06,BVZ,171.51,172.39,170.57,174.08,880976
2026-06-22,2026-06,DATA,91.83,93.53,90.57,93.85,2804233
2026-06-22,2026-06,CHRT,261.19,261.39,257.51,262.27,985531
2026-06-23,2026-06,BVZ,172.39,170.56,169.35,172.46,3179753
2026-06-23,2026-06,DATA,93.53,93.71,92.43,94.29,1986419
2026-06-23,2026-06,CHRT,261.39,264.2,260.55,266.46,2471013
2026-06-24,2026-06,BVZ,170.56,168.66,167.71,171.9,1871655
2026-06-24,2026-06,DATA,93.71,93.11,92.43,95.08,2137394
2026-06-24,2026-06,CHRT,264.2,266.45,261.74,267.95,2851210
2026-06-25,2026-06,BVZ,168.66,167.18,166.51,170.59,4140428
2026-06-25,2026-06,DATA,93.11,94.42,91.72,95.46,3645031
2026-06-25,2026-06,CHRT,266.45,263.61,261.35,266.59,2736371
2026-06-26,2026-06,BVZ,167.18,169.81,164.78,170.96,2236320
2026-06-26,2026-06,DATA,94.42,93.71,92.92,95.6,926264
2026-06-26,2026-06,CHRT,263.61,262.9,259.65,267.16,1933290
2026-06-29,2026-06,BVZ,169.81,172.34,169.43,173.94,2997803
2026-06-29,2026-06,DATA,93.71,94.72,93.22,95.45,3808323
2026-06-29,2026-06,CHRT,262.9,261.82,260.23,266.3,2997846
2026-06-30,2026-06,BVZ,172.34,170.01,168.43,174.39,949244
2026-06-30,2026-06,DATA,94.72,95.12,94.4,95.81,1292204
2026-06-30,2026-06,CHRT,261.82,266.45,260.18,269.77,4469643
2026-07-01,2026-07,BVZ,170.01,166.85,166.49,170.35,4648646
2026-07-01,2026-07,DATA,95.12,96.4,94.87,97.24,2205308
2026-07-01,2026-07,CHRT,266.45,271.06,265.91,274.54,1654787
2026-07-02,2026-07,BVZ,166.85,167.53,164.37,168.65,2920986
2026-07-02,2026-07,DATA,96.4,97.22,96.2,98.29,849304
2026-07-02,2026-07,CHRT,271.06,266.03,265.21,271.88,2926886
